-- phpMyAdmin SQL Dump
-- version 5.1.1
-- https://www.phpmyadmin.net/
--
-- Host: 127.0.0.1
-- Waktu pembuatan: 04 Feb 2022 pada 10.24
-- Versi server: 10.4.22-MariaDB
-- Versi PHP: 7.4.27

SET SQL_MODE = "NO_AUTO_VALUE_ON_ZERO";
START TRANSACTION;
SET time_zone = "+00:00";


/*!40101 SET @OLD_CHARACTER_SET_CLIENT=@@CHARACTER_SET_CLIENT */;
/*!40101 SET @OLD_CHARACTER_SET_RESULTS=@@CHARACTER_SET_RESULTS */;
/*!40101 SET @OLD_COLLATION_CONNECTION=@@COLLATION_CONNECTION */;
/*!40101 SET NAMES utf8mb4 */;

--
-- Database: `stok_barang`
--

-- --------------------------------------------------------

--
-- Struktur dari tabel `data_barang`
--

CREATE TABLE `data_barang` (
  `id_barang` int(5) NOT NULL,
  `nama_barang` varchar(20) NOT NULL,
  `jumlah` int(5) NOT NULL
) ENGINE=InnoDB DEFAULT CHARSET=latin1;

--
-- Dumping data untuk tabel `data_barang`
--

INSERT INTO `data_barang` (`id_barang`, `nama_barang`, `jumlah`) VALUES
(21001, 'Semen Padang', 16982),
(21002, 'Semen Power Max', 20462),
(21003, 'Semen Dynamix', 17238),
(21004, 'Ban Tecking', 18797),
(21005, 'Fosroc Cat Anti Air', 19227);

-- --------------------------------------------------------

--
-- Struktur dari tabel `data_penjualan`
--

CREATE TABLE `data_penjualan` (
  `id_penjualan` int(5) NOT NULL,
  `bln_penjualan` date DEFAULT NULL,
  `id_barang` int(5) DEFAULT NULL,
  `jumlah` int(5) DEFAULT NULL
) ENGINE=InnoDB DEFAULT CHARSET=utf8mb4;

--
-- Dumping data untuk tabel `data_penjualan`
--

INSERT INTO `data_penjualan` (`id_penjualan`, `bln_penjualan`, `id_barang`, `jumlah`) VALUES
(1, '2012-01-31', 21001, 100),
(2, '2012-02-29', 21001, 110),
(3, '2012-03-31', 21001, 125),
(4, '2012-04-30', 21001, 160),
(5, '2012-05-31', 21001, 200),
(6, '2012-06-30', 21001, 150),
(7, '2012-07-31', 21001, 100),
(8, '2012-08-31', 21001, 190),
(9, '2012-09-30', 21001, 200),
(10, '2012-10-31', 21001, 150),
(11, '2012-11-30', 21001, 180),
(12, '2012-12-31', 21001, 150),
(13, '2013-01-31', 21001, 100),
(14, '2013-02-28', 21001, 150),
(15, '2013-03-31', 21001, 140),
(16, '2013-04-30', 21001, 150),
(17, '2013-05-31', 21001, 200),
(18, '2013-06-30', 21001, 150),
(19, '2013-07-31', 21001, 150),
(20, '2013-08-31', 21001, 140),
(21, '2013-09-30', 21001, 145),
(22, '2013-10-31', 21001, 140),
(23, '2013-11-30', 21001, 190),
(24, '2013-12-31', 21001, 180),
(25, '2014-01-31', 21001, 100),
(26, '2014-02-28', 21001, 146),
(27, '2014-03-31', 21001, 200),
(28, '2014-04-30', 21001, 130),
(29, '2014-05-31', 21001, 150),
(30, '2014-06-30', 21001, 165),
(31, '2014-07-31', 21001, 160),
(32, '2014-08-31', 21001, 150),
(33, '2014-09-30', 21001, 150),
(34, '2014-10-31', 21001, 130),
(35, '2014-11-30', 21001, 150),
(36, '2014-12-31', 21001, 160),
(37, '2015-01-31', 21001, 200),
(38, '2015-02-28', 21001, 180),
(39, '2015-03-31', 21001, 140),
(40, '2015-04-30', 21001, 130),
(41, '2015-05-31', 21001, 190),
(42, '2015-06-30', 21001, 200),
(43, '2015-07-31', 21001, 200),
(44, '2015-08-31', 21001, 150),
(45, '2015-09-30', 21001, 170),
(46, '2015-10-31', 21001, 150),
(47, '2015-11-30', 21001, 150),
(48, '2015-12-31', 21001, 134),
(49, '2016-01-31', 21001, 166),
(50, '2016-02-29', 21001, 189),
(51, '2016-03-31', 21001, 200),
(52, '2016-04-30', 21001, 199),
(53, '2016-05-31', 21001, 167),
(54, '2016-06-30', 21001, 192),
(55, '2016-07-31', 21001, 200),
(56, '2016-08-31', 21001, 200),
(57, '2016-09-30', 21001, 245),
(58, '2016-10-31', 21001, 187),
(59, '2016-11-30', 21001, 200),
(60, '2016-12-31', 21001, 188),
(61, '2017-01-31', 21001, 164),
(62, '2017-02-28', 21001, 200),
(63, '2017-03-31', 21001, 200),
(64, '2017-04-30', 21001, 185),
(65, '2017-05-31', 21001, 165),
(66, '2017-06-30', 21001, 200),
(67, '2017-07-31', 21001, 190),
(68, '2017-08-31', 21001, 170),
(69, '2017-09-30', 21001, 189),
(70, '2017-10-31', 21001, 205),
(71, '2017-11-30', 21001, 200),
(72, '2017-12-31', 21001, 195),
(73, '2018-01-31', 21001, 186),
(74, '2018-02-28', 21001, 190),
(75, '2018-03-31', 21001, 200),
(76, '2018-04-30', 21001, 160),
(77, '2018-05-31', 21001, 150),
(78, '2018-06-30', 21001, 100),
(79, '2018-07-31', 21001, 155),
(80, '2018-08-31', 21001, 100),
(81, '2018-09-30', 21001, 200),
(82, '2018-10-31', 21001, 240),
(83, '2018-11-30', 21001, 220),
(84, '2018-12-31', 21001, 209),
(85, '2019-01-31', 21001, 200),
(86, '2019-02-28', 21001, 180),
(87, '2019-03-31', 21001, 200),
(88, '2019-04-30', 21001, 200),
(89, '2019-05-31', 21001, 200),
(90, '2019-06-30', 21001, 193),
(91, '2019-07-31', 21001, 150),
(92, '2019-08-31', 21001, 160),
(93, '2019-09-30', 21001, 140),
(94, '2019-10-31', 21001, 160),
(95, '2019-11-30', 21001, 206),
(96, '2019-12-31', 21001, 150),
(97, '2020-01-31', 21001, 200),
(98, '2020-02-29', 21001, 200),
(99, '2020-03-31', 21001, 160),
(100, '2020-04-30', 21001, 140),
(101, '2012-01-31', 21002, 200),
(102, '2012-02-29', 21002, 161),
(103, '2012-03-31', 21002, 239),
(104, '2012-04-30', 21002, 200),
(105, '2012-05-31', 21002, 250),
(106, '2012-06-30', 21002, 200),
(107, '2012-07-31', 21002, 150),
(108, '2012-08-31', 21002, 130),
(109, '2012-09-30', 21002, 100),
(110, '2012-10-31', 21002, 120),
(111, '2012-11-30', 21002, 200),
(112, '2012-12-31', 21002, 155),
(113, '2013-01-31', 21002, 200),
(114, '2013-02-28', 21002, 250),
(115, '2013-03-31', 21002, 251),
(116, '2013-04-30', 21002, 200),
(117, '2013-05-31', 21002, 180),
(118, '2013-06-30', 21002, 200),
(119, '2013-07-31', 21002, 100),
(120, '2013-08-31', 21002, 180),
(121, '2013-09-30', 21002, 200),
(122, '2013-10-31', 21002, 220),
(123, '2013-11-30', 21002, 200),
(124, '2013-12-31', 21002, 200),
(125, '2014-01-31', 21002, 200),
(126, '2014-02-28', 21002, 200),
(127, '2014-03-31', 21002, 150),
(128, '2014-04-30', 21002, 145),
(129, '2014-05-31', 21002, 158),
(130, '2014-06-30', 21002, 150),
(131, '2014-07-31', 21002, 178),
(132, '2014-08-31', 21002, 160),
(133, '2014-09-30', 21002, 220),
(134, '2014-10-31', 21002, 200),
(135, '2014-11-30', 21002, 275),
(136, '2014-12-31', 21002, 350),
(137, '2015-01-31', 21002, 400),
(138, '2015-02-28', 21002, 358),
(139, '2015-03-31', 21002, 289),
(140, '2015-04-30', 21002, 240),
(141, '2015-05-31', 21002, 200),
(142, '2015-06-30', 21002, 260),
(143, '2015-07-31', 21002, 200),
(144, '2015-08-31', 21002, 185),
(145, '2015-09-30', 21002, 100),
(146, '2015-10-31', 21002, 150),
(147, '2015-11-30', 21002, 200),
(148, '2015-12-31', 21002, 215),
(149, '2016-01-31', 21002, 230),
(150, '2016-02-29', 21002, 200),
(151, '2016-03-31', 21002, 220),
(152, '2016-04-30', 21002, 300),
(153, '2016-05-31', 21002, 291),
(154, '2016-06-30', 21002, 200),
(155, '2016-07-31', 21002, 250),
(156, '2016-08-31', 21002, 220),
(157, '2016-09-30', 21002, 150),
(158, '2016-10-31', 21002, 225),
(159, '2016-11-30', 21002, 280),
(160, '2016-12-31', 21002, 340),
(161, '2017-01-31', 21002, 330),
(162, '2017-02-28', 21002, 299),
(163, '2017-03-31', 21002, 250),
(164, '2017-04-30', 21002, 178),
(165, '2017-05-31', 21002, 160),
(166, '2017-06-30', 21002, 250),
(167, '2017-07-31', 21002, 180),
(168, '2017-08-31', 21002, 150),
(169, '2017-09-30', 21002, 200),
(170, '2017-10-31', 21002, 268),
(171, '2017-11-30', 21002, 250),
(172, '2017-12-31', 21002, 200),
(173, '2018-01-31', 21002, 260),
(174, '2018-02-28', 21002, 196),
(175, '2018-03-31', 21002, 200),
(176, '2018-04-30', 21002, 143),
(177, '2018-05-31', 21002, 115),
(178, '2018-06-30', 21002, 200),
(179, '2018-07-31', 21002, 200),
(180, '2018-08-31', 21002, 250),
(181, '2018-09-30', 21002, 200),
(182, '2018-10-31', 21002, 255),
(183, '2018-11-30', 21002, 190),
(184, '2018-12-31', 21002, 100),
(185, '2019-01-31', 21002, 150),
(186, '2019-02-28', 21002, 150),
(187, '2019-03-31', 21002, 195),
(188, '2019-04-30', 21002, 200),
(189, '2019-05-31', 21002, 150),
(190, '2019-06-30', 21002, 200),
(191, '2019-07-31', 21002, 100),
(192, '2019-08-31', 21002, 100),
(193, '2019-09-30', 21002, 100),
(194, '2019-10-31', 21002, 150),
(195, '2019-11-30', 21002, 200),
(196, '2019-12-31', 21002, 250),
(197, '2020-01-31', 21002, 220),
(198, '2020-02-29', 21002, 220),
(199, '2020-03-31', 21002, 200),
(200, '2020-04-30', 21002, 270),
(201, '2012-01-31', 21003, 127),
(202, '2012-02-29', 21003, 100),
(203, '2012-03-31', 21003, 150),
(204, '2012-04-30', 21003, 160),
(205, '2012-05-31', 21003, 150),
(206, '2012-06-30', 21003, 165),
(207, '2012-07-31', 21003, 200),
(208, '2012-08-31', 21003, 100),
(209, '2012-09-30', 21003, 150),
(210, '2012-10-31', 21003, 120),
(211, '2012-11-30', 21003, 200),
(212, '2012-12-31', 21003, 180),
(213, '2013-01-31', 21003, 150),
(214, '2013-02-28', 21003, 167),
(215, '2013-03-31', 21003, 145),
(216, '2013-04-30', 21003, 150),
(217, '2013-05-31', 21003, 200),
(218, '2013-06-30', 21003, 150),
(219, '2013-07-31', 21003, 200),
(220, '2013-08-31', 21003, 180),
(221, '2013-09-30', 21003, 156),
(222, '2013-10-31', 21003, 155),
(223, '2013-11-30', 21003, 180),
(224, '2013-12-31', 21003, 200),
(225, '2014-01-31', 21003, 260),
(226, '2014-02-28', 21003, 250),
(227, '2014-03-31', 21003, 236),
(228, '2014-04-30', 21003, 287),
(229, '2014-05-31', 21003, 200),
(230, '2014-06-30', 21003, 150),
(231, '2014-07-31', 21003, 150),
(232, '2014-08-31', 21003, 150),
(233, '2014-09-30', 21003, 141),
(234, '2014-10-31', 21003, 122),
(235, '2014-11-30', 21003, 156),
(236, '2014-12-31', 21003, 150),
(237, '2015-01-31', 21003, 200),
(238, '2015-02-28', 21003, 220),
(239, '2015-03-31', 21003, 200),
(240, '2015-04-30', 21003, 251),
(241, '2015-05-31', 21003, 250),
(242, '2015-06-30', 21003, 188),
(243, '2015-07-31', 21003, 150),
(244, '2015-08-31', 21003, 100),
(245, '2015-09-30', 21003, 150),
(246, '2015-10-31', 21003, 144),
(247, '2015-11-30', 21003, 100),
(248, '2015-12-31', 21003, 170),
(249, '2016-01-31', 21003, 200),
(250, '2016-02-29', 21003, 220),
(251, '2016-03-31', 21003, 233),
(252, '2016-04-30', 21003, 160),
(253, '2016-05-31', 21003, 215),
(254, '2016-06-30', 21003, 200),
(255, '2016-07-31', 21003, 150),
(256, '2016-08-31', 21003, 200),
(257, '2016-09-30', 21003, 180),
(258, '2016-10-31', 21003, 242),
(259, '2016-11-30', 21003, 260),
(260, '2016-12-31', 21003, 200),
(261, '2017-01-31', 21003, 140),
(262, '2017-02-28', 21003, 100),
(263, '2017-03-31', 21003, 200),
(264, '2017-04-30', 21003, 200),
(265, '2017-05-31', 21003, 156),
(266, '2017-06-30', 21003, 100),
(267, '2017-07-31', 21003, 150),
(268, '2017-08-31', 21003, 140),
(269, '2017-09-30', 21003, 189),
(270, '2017-10-31', 21003, 204),
(271, '2017-11-30', 21003, 250),
(272, '2017-12-31', 21003, 176),
(273, '2018-01-31', 21003, 150),
(274, '2018-02-28', 21003, 145),
(275, '2018-03-31', 21003, 100),
(276, '2018-04-30', 21003, 100),
(277, '2018-05-31', 21003, 130),
(278, '2018-06-30', 21003, 200),
(279, '2018-07-31', 21003, 250),
(280, '2018-08-31', 21003, 240),
(281, '2018-09-30', 21003, 205),
(282, '2018-10-31', 21003, 150),
(283, '2018-11-30', 21003, 166),
(284, '2018-12-31', 21003, 199),
(285, '2019-01-31', 21003, 158),
(286, '2019-02-28', 21003, 110),
(287, '2019-03-31', 21003, 150),
(288, '2019-04-30', 21003, 135),
(289, '2019-05-31', 21003, 200),
(290, '2019-06-30', 21003, 200),
(291, '2019-07-31', 21003, 236),
(292, '2019-08-31', 21003, 160),
(293, '2019-09-30', 21003, 125),
(294, '2019-10-31', 21003, 150),
(295, '2019-11-30', 21003, 150),
(296, '2019-12-31', 21003, 150),
(297, '2020-01-31', 21003, 137),
(298, '2020-02-29', 21003, 100),
(299, '2020-03-31', 21003, 167),
(300, '2020-04-30', 21003, 200),
(301, '2012-01-31', 21004, 100),
(302, '2012-02-29', 21004, 143),
(303, '2012-03-31', 21004, 160),
(304, '2012-04-30', 21004, 200),
(305, '2012-05-31', 21004, 150),
(306, '2012-06-30', 21004, 100),
(307, '2012-07-31', 21004, 150),
(308, '2012-08-31', 21004, 208),
(309, '2012-09-30', 21004, 243),
(310, '2012-10-31', 21004, 269),
(311, '2012-11-30', 21004, 200),
(312, '2012-12-31', 21004, 200),
(313, '2013-01-31', 21004, 192),
(314, '2013-02-28', 21004, 120),
(315, '2013-03-31', 21004, 150),
(316, '2013-04-30', 21004, 205),
(317, '2013-05-31', 21004, 230),
(318, '2013-06-30', 21004, 200),
(319, '2013-07-31', 21004, 279),
(320, '2013-08-31', 21004, 300),
(321, '2013-09-30', 21004, 200),
(322, '2013-10-31', 21004, 155),
(323, '2013-11-30', 21004, 100),
(324, '2013-12-31', 21004, 150),
(325, '2014-01-31', 21004, 100),
(326, '2014-02-28', 21004, 160),
(327, '2014-03-31', 21004, 195),
(328, '2014-04-30', 21004, 230),
(329, '2014-05-31', 21004, 150),
(330, '2014-06-30', 21004, 200),
(331, '2014-07-31', 21004, 250),
(332, '2014-08-31', 21004, 183),
(333, '2014-09-30', 21004, 200),
(334, '2014-10-31', 21004, 210),
(335, '2014-11-30', 21004, 250),
(336, '2014-12-31', 21004, 240),
(337, '2015-01-31', 21004, 250),
(338, '2015-02-28', 21004, 230),
(339, '2015-03-31', 21004, 200),
(340, '2015-04-30', 21004, 200),
(341, '2015-05-31', 21004, 140),
(342, '2015-06-30', 21004, 150),
(343, '2015-07-31', 21004, 100),
(344, '2015-08-31', 21004, 100),
(345, '2015-09-30', 21004, 160),
(346, '2015-10-31', 21004, 200),
(347, '2015-11-30', 21004, 150),
(348, '2015-12-31', 21004, 150),
(349, '2016-01-31', 21004, 200),
(350, '2016-02-29', 21004, 200),
(351, '2016-03-31', 21004, 150),
(352, '2016-04-30', 21004, 205),
(353, '2016-05-31', 21004, 210),
(354, '2016-06-30', 21004, 289),
(355, '2016-07-31', 21004, 300),
(356, '2016-08-31', 21004, 324),
(357, '2016-09-30', 21004, 268),
(358, '2016-10-31', 21004, 240),
(359, '2016-11-30', 21004, 150),
(360, '2016-12-31', 21004, 200),
(361, '2017-01-31', 21004, 200),
(362, '2017-02-28', 21004, 150),
(363, '2017-03-31', 21004, 110),
(364, '2017-04-30', 21004, 200),
(365, '2017-05-31', 21004, 200),
(366, '2017-06-30', 21004, 215),
(367, '2017-07-31', 21004, 200),
(368, '2017-08-31', 21004, 200),
(369, '2017-09-30', 21004, 250),
(370, '2017-10-31', 21004, 195),
(371, '2017-11-30', 21004, 200),
(372, '2017-12-31', 21004, 200),
(373, '2018-01-31', 21004, 154),
(374, '2018-02-28', 21004, 200),
(375, '2018-03-31', 21004, 290),
(376, '2018-04-30', 21004, 250),
(377, '2018-05-31', 21004, 185),
(378, '2018-06-30', 21004, 200),
(379, '2018-07-31', 21004, 225),
(380, '2018-08-31', 21004, 200),
(381, '2018-09-30', 21004, 200),
(382, '2018-10-31', 21004, 150),
(383, '2018-11-30', 21004, 100),
(384, '2018-12-31', 21004, 200),
(385, '2019-01-31', 21004, 120),
(386, '2019-02-28', 21004, 100),
(387, '2019-03-31', 21004, 154),
(388, '2019-04-30', 21004, 100),
(389, '2019-05-31', 21004, 126),
(390, '2019-06-30', 21004, 200),
(391, '2019-07-31', 21004, 200),
(392, '2019-08-31', 21004, 200),
(393, '2019-09-30', 21004, 280),
(394, '2019-10-31', 21004, 200),
(395, '2019-11-30', 21004, 250),
(396, '2019-12-31', 21004, 165),
(397, '2020-01-31', 21004, 100),
(398, '2020-02-29', 21004, 150),
(399, '2020-03-31', 21004, 100),
(400, '2020-04-30', 21004, 140),
(401, '2012-01-31', 21005, 100),
(402, '2012-02-29', 21005, 154),
(403, '2012-03-31', 21005, 180),
(404, '2012-04-30', 21005, 233),
(405, '2012-05-31', 21005, 150),
(406, '2012-06-30', 21005, 170),
(407, '2012-07-31', 21005, 100),
(408, '2012-08-31', 21005, 120),
(409, '2012-09-30', 21005, 200),
(410, '2012-10-31', 21005, 200),
(411, '2012-11-30', 21005, 150),
(412, '2012-12-31', 21005, 180),
(413, '2013-01-31', 21005, 250),
(414, '2013-02-28', 21005, 285),
(415, '2013-03-31', 21005, 305),
(416, '2013-04-30', 21005, 350),
(417, '2013-05-31', 21005, 279),
(418, '2013-06-30', 21005, 250),
(419, '2013-07-31', 21005, 200),
(420, '2013-08-31', 21005, 150),
(421, '2013-09-30', 21005, 105),
(422, '2013-10-31', 21005, 145),
(423, '2013-11-30', 21005, 180),
(424, '2013-12-31', 21005, 200),
(425, '2014-01-31', 21005, 260),
(426, '2014-02-28', 21005, 165),
(427, '2014-03-31', 21005, 250),
(428, '2014-04-30', 21005, 200),
(429, '2014-05-31', 21005, 200),
(430, '2014-06-30', 21005, 250),
(431, '2014-07-31', 21005, 200),
(432, '2014-08-31', 21005, 160),
(433, '2014-09-30', 21005, 140),
(434, '2014-10-31', 21005, 200),
(435, '2014-11-30', 21005, 200),
(436, '2014-12-31', 21005, 290),
(437, '2015-01-31', 21005, 307),
(438, '2015-02-28', 21005, 400),
(439, '2015-03-31', 21005, 354),
(440, '2015-04-30', 21005, 314),
(441, '2015-05-31', 21005, 265),
(442, '2015-06-30', 21005, 192),
(443, '2015-07-31', 21005, 150),
(444, '2015-08-31', 21005, 100),
(445, '2015-09-30', 21005, 200),
(446, '2015-10-31', 21005, 140),
(447, '2015-11-30', 21005, 100),
(448, '2015-12-31', 21005, 170),
(449, '2016-01-31', 21005, 208),
(450, '2016-02-29', 21005, 220),
(451, '2016-03-31', 21005, 230),
(452, '2016-04-30', 21005, 160),
(453, '2016-05-31', 21005, 230),
(454, '2016-06-30', 21005, 200),
(455, '2016-07-31', 21005, 150),
(456, '2016-08-31', 21005, 200),
(457, '2016-09-30', 21005, 180),
(458, '2016-10-31', 21005, 240),
(459, '2016-11-30', 21005, 160),
(460, '2016-12-31', 21005, 200),
(461, '2017-01-31', 21005, 140),
(462, '2017-02-28', 21005, 100),
(463, '2017-03-31', 21005, 200),
(464, '2017-04-30', 21005, 200),
(465, '2017-05-31', 21005, 250),
(466, '2017-06-30', 21005, 165),
(467, '2017-07-31', 21005, 150),
(468, '2017-08-31', 21005, 140),
(469, '2017-09-30', 21005, 200),
(470, '2017-10-31', 21005, 240),
(471, '2017-11-30', 21005, 250),
(472, '2017-12-31', 21005, 193),
(473, '2018-01-31', 21005, 150),
(474, '2018-02-28', 21005, 205),
(475, '2018-03-31', 21005, 212),
(476, '2018-04-30', 21005, 177),
(477, '2018-05-31', 21005, 163),
(478, '2018-06-30', 21005, 200),
(479, '2018-07-31', 21005, 250),
(480, '2018-08-31', 21005, 240),
(481, '2018-09-30', 21005, 190),
(482, '2018-10-31', 21005, 150),
(483, '2018-11-30', 21005, 160),
(484, '2018-12-31', 21005, 199),
(485, '2019-01-31', 21005, 115),
(486, '2019-02-28', 21005, 110),
(487, '2019-03-31', 21005, 150),
(488, '2019-04-30', 21005, 200),
(489, '2019-05-31', 21005, 200),
(490, '2019-06-30', 21005, 200),
(491, '2019-07-31', 21005, 130),
(492, '2019-08-31', 21005, 160),
(493, '2019-09-30', 21005, 125),
(494, '2019-10-31', 21005, 150),
(495, '2019-11-30', 21005, 150),
(496, '2019-12-31', 21005, 155),
(497, '2020-01-31', 21005, 137),
(498, '2020-02-29', 21005, 100),
(499, '2020-03-31', 21005, 200),
(500, '2020-04-30', 21005, 200);

-- --------------------------------------------------------

--
-- Struktur dari tabel `prediksi`
--

CREATE TABLE `prediksi` (
  `id_prediksi` int(5) NOT NULL,
  `id_barang` int(5) NOT NULL,
  `bulan` date NOT NULL,
  `jumlah` int(5) NOT NULL,
  `prediksi` int(5) NOT NULL,
  `alpha_value` decimal(2,1) NOT NULL
) ENGINE=InnoDB DEFAULT CHARSET=latin1;

--
-- Dumping data untuk tabel `prediksi`
--

INSERT INTO `prediksi` (`id_prediksi`, `id_barang`, `bulan`, `jumlah`, `prediksi`, `alpha_value`) VALUES
(1114, 99999, '0000-00-00', 100, 100, '0.9'),
(1115, 99999, '0000-00-00', 110, 100, '0.9'),
(1116, 99999, '0000-00-00', 125, 109, '0.9'),
(1117, 99999, '0000-00-00', 160, 123, '0.9'),
(1118, 99999, '0000-00-00', 200, 156, '0.9'),
(1119, 99999, '0000-00-00', 150, 196, '0.9'),
(1120, 99999, '0000-00-00', 100, 155, '0.9'),
(1121, 99999, '0000-00-00', 190, 106, '0.9'),
(1122, 99999, '0000-00-00', 200, 182, '0.9'),
(1123, 99999, '0000-00-00', 150, 198, '0.9'),
(1124, 99999, '0000-00-00', 180, 155, '0.9'),
(1125, 99999, '0000-00-00', 150, 178, '0.9'),
(1126, 99999, '0000-00-00', 100, 153, '0.9'),
(1127, 99999, '0000-00-00', 150, 105, '0.9'),
(1128, 99999, '0000-00-00', 140, 146, '0.9'),
(1129, 99999, '0000-00-00', 150, 141, '0.9'),
(1130, 99999, '0000-00-00', 200, 149, '0.9'),
(1131, 99999, '0000-00-00', 150, 195, '0.9'),
(1132, 99999, '0000-00-00', 150, 155, '0.9'),
(1133, 99999, '0000-00-00', 140, 151, '0.9'),
(1134, 99999, '0000-00-00', 145, 141, '0.9'),
(1135, 99999, '0000-00-00', 140, 145, '0.9'),
(1136, 99999, '0000-00-00', 190, 141, '0.9'),
(1137, 99999, '0000-00-00', 180, 185, '0.9'),
(1138, 99999, '0000-00-00', 100, 181, '0.9'),
(1139, 99999, '0000-00-00', 146, 108, '0.9'),
(1140, 99999, '0000-00-00', 200, 142, '0.9'),
(1141, 99999, '0000-00-00', 130, 194, '0.9'),
(1142, 99999, '0000-00-00', 150, 136, '0.9'),
(1143, 99999, '0000-00-00', 165, 149, '0.9'),
(1144, 99999, '0000-00-00', 160, 163, '0.9'),
(1145, 99999, '0000-00-00', 150, 160, '0.9'),
(1146, 99999, '0000-00-00', 150, 151, '0.9'),
(1147, 99999, '0000-00-00', 130, 150, '0.9'),
(1148, 99999, '0000-00-00', 150, 132, '0.9'),
(1149, 99999, '0000-00-00', 160, 148, '0.9'),
(1150, 99999, '0000-00-00', 200, 159, '0.9'),
(1151, 99999, '0000-00-00', 180, 196, '0.9'),
(1152, 99999, '0000-00-00', 140, 182, '0.9'),
(1153, 99999, '0000-00-00', 130, 144, '0.9'),
(1154, 99999, '0000-00-00', 190, 131, '0.9'),
(1155, 99999, '0000-00-00', 200, 184, '0.9'),
(1156, 99999, '0000-00-00', 200, 198, '0.9'),
(1157, 99999, '0000-00-00', 150, 200, '0.9'),
(1158, 99999, '0000-00-00', 170, 155, '0.9'),
(1159, 99999, '0000-00-00', 150, 169, '0.9'),
(1160, 99999, '0000-00-00', 150, 152, '0.9'),
(1161, 99999, '0000-00-00', 134, 150, '0.9'),
(1162, 99999, '0000-00-00', 166, 136, '0.9'),
(1163, 99999, '0000-00-00', 189, 163, '0.9'),
(1164, 99999, '0000-00-00', 200, 186, '0.9'),
(1165, 99999, '0000-00-00', 199, 199, '0.9'),
(1166, 99999, '0000-00-00', 167, 199, '0.9'),
(1167, 99999, '0000-00-00', 192, 170, '0.9'),
(1168, 99999, '0000-00-00', 200, 190, '0.9'),
(1169, 99999, '0000-00-00', 200, 199, '0.9'),
(1170, 99999, '0000-00-00', 245, 200, '0.9'),
(1171, 99999, '0000-00-00', 187, 241, '0.9'),
(1172, 99999, '0000-00-00', 200, 192, '0.9'),
(1173, 99999, '0000-00-00', 188, 199, '0.9'),
(1174, 99999, '0000-00-00', 164, 189, '0.9'),
(1175, 99999, '0000-00-00', 200, 167, '0.9'),
(1176, 99999, '0000-00-00', 200, 197, '0.9'),
(1177, 99999, '0000-00-00', 185, 200, '0.9'),
(1178, 99999, '0000-00-00', 165, 187, '0.9'),
(1179, 99999, '0000-00-00', 200, 167, '0.9'),
(1180, 99999, '0000-00-00', 190, 197, '0.9'),
(1181, 99999, '0000-00-00', 170, 191, '0.9'),
(1182, 99999, '0000-00-00', 189, 172, '0.9'),
(1183, 99999, '0000-00-00', 205, 187, '0.9'),
(1184, 99999, '0000-00-00', 200, 203, '0.9'),
(1185, 99999, '0000-00-00', 195, 200, '0.9'),
(1186, 99999, '0000-00-00', 186, 196, '0.9'),
(1187, 99999, '0000-00-00', 190, 187, '0.9'),
(1188, 99999, '0000-00-00', 200, 190, '0.9'),
(1189, 99999, '0000-00-00', 160, 199, '0.9'),
(1190, 99999, '0000-00-00', 150, 164, '0.9'),
(1191, 99999, '0000-00-00', 100, 151, '0.9'),
(1192, 99999, '0000-00-00', 155, 105, '0.9'),
(1193, 99999, '0000-00-00', 100, 150, '0.9'),
(1194, 99999, '0000-00-00', 200, 105, '0.9'),
(1195, 99999, '0000-00-00', 240, 191, '0.9'),
(1196, 99999, '0000-00-00', 220, 235, '0.9'),
(1197, 99999, '0000-00-00', 209, 222, '0.9'),
(1198, 99999, '0000-00-00', 200, 210, '0.9'),
(1199, 99999, '0000-00-00', 180, 201, '0.9'),
(1200, 99999, '0000-00-00', 200, 182, '0.9'),
(1201, 99999, '0000-00-00', 200, 198, '0.9'),
(1202, 99999, '0000-00-00', 200, 200, '0.9'),
(1203, 99999, '0000-00-00', 193, 200, '0.9'),
(1204, 99999, '0000-00-00', 150, 194, '0.9'),
(1205, 99999, '0000-00-00', 160, 154, '0.9'),
(1206, 99999, '0000-00-00', 140, 159, '0.9'),
(1207, 99999, '0000-00-00', 160, 142, '0.9'),
(1208, 99999, '0000-00-00', 206, 158, '0.9'),
(1209, 99999, '0000-00-00', 150, 201, '0.9'),
(1210, 99999, '0000-00-00', 200, 155, '0.9'),
(1211, 99999, '0000-00-00', 200, 196, '0.9'),
(1212, 99999, '0000-00-00', 160, 200, '0.9'),
(1213, 99999, '0000-00-00', 140, 164, '0.9'),
(1215, 99999, '0000-00-00', 100, 100, '0.9'),
(1216, 99999, '0000-00-00', 110, 100, '0.9'),
(1217, 99999, '0000-00-00', 125, 109, '0.9'),
(1218, 99999, '0000-00-00', 160, 123, '0.9'),
(1219, 99999, '0000-00-00', 200, 156, '0.9'),
(1220, 99999, '0000-00-00', 150, 196, '0.9'),
(1221, 99999, '0000-00-00', 100, 155, '0.9'),
(1222, 99999, '0000-00-00', 190, 106, '0.9'),
(1223, 99999, '0000-00-00', 200, 182, '0.9'),
(1224, 99999, '0000-00-00', 150, 198, '0.9'),
(1225, 99999, '0000-00-00', 180, 155, '0.9'),
(1226, 99999, '0000-00-00', 150, 178, '0.9'),
(1227, 99999, '0000-00-00', 100, 153, '0.9'),
(1228, 99999, '0000-00-00', 150, 105, '0.9'),
(1229, 99999, '0000-00-00', 140, 146, '0.9'),
(1230, 99999, '0000-00-00', 150, 141, '0.9'),
(1231, 99999, '0000-00-00', 200, 149, '0.9'),
(1232, 99999, '0000-00-00', 150, 195, '0.9'),
(1233, 99999, '0000-00-00', 150, 155, '0.9'),
(1234, 99999, '0000-00-00', 140, 151, '0.9'),
(1235, 99999, '0000-00-00', 145, 141, '0.9'),
(1236, 99999, '0000-00-00', 140, 145, '0.9'),
(1237, 99999, '0000-00-00', 190, 141, '0.9'),
(1238, 99999, '0000-00-00', 180, 185, '0.9'),
(1239, 99999, '0000-00-00', 100, 181, '0.9'),
(1240, 99999, '0000-00-00', 146, 108, '0.9'),
(1241, 99999, '0000-00-00', 200, 142, '0.9'),
(1242, 99999, '0000-00-00', 130, 194, '0.9'),
(1243, 99999, '0000-00-00', 150, 136, '0.9'),
(1244, 99999, '0000-00-00', 165, 149, '0.9'),
(1245, 99999, '0000-00-00', 160, 163, '0.9'),
(1246, 99999, '0000-00-00', 150, 160, '0.9'),
(1247, 99999, '0000-00-00', 150, 151, '0.9'),
(1248, 99999, '0000-00-00', 130, 150, '0.9'),
(1249, 99999, '0000-00-00', 150, 132, '0.9'),
(1250, 99999, '0000-00-00', 160, 148, '0.9'),
(1251, 99999, '0000-00-00', 200, 159, '0.9'),
(1252, 99999, '0000-00-00', 180, 196, '0.9'),
(1253, 99999, '0000-00-00', 140, 182, '0.9'),
(1254, 99999, '0000-00-00', 130, 144, '0.9'),
(1255, 99999, '0000-00-00', 190, 131, '0.9'),
(1256, 99999, '0000-00-00', 200, 184, '0.9'),
(1257, 99999, '0000-00-00', 200, 198, '0.9'),
(1258, 99999, '0000-00-00', 150, 200, '0.9'),
(1259, 99999, '0000-00-00', 170, 155, '0.9'),
(1260, 99999, '0000-00-00', 150, 169, '0.9'),
(1261, 99999, '0000-00-00', 150, 152, '0.9'),
(1262, 99999, '0000-00-00', 134, 150, '0.9'),
(1263, 99999, '0000-00-00', 166, 136, '0.9'),
(1264, 99999, '0000-00-00', 189, 163, '0.9'),
(1265, 99999, '0000-00-00', 200, 186, '0.9'),
(1266, 99999, '0000-00-00', 199, 199, '0.9'),
(1267, 99999, '0000-00-00', 167, 199, '0.9'),
(1268, 99999, '0000-00-00', 192, 170, '0.9'),
(1269, 99999, '0000-00-00', 200, 190, '0.9'),
(1270, 99999, '0000-00-00', 200, 199, '0.9'),
(1271, 99999, '0000-00-00', 245, 200, '0.9'),
(1272, 99999, '0000-00-00', 187, 241, '0.9'),
(1273, 99999, '0000-00-00', 200, 192, '0.9'),
(1274, 99999, '0000-00-00', 188, 199, '0.9'),
(1275, 99999, '0000-00-00', 164, 189, '0.9'),
(1276, 99999, '0000-00-00', 200, 167, '0.9'),
(1277, 99999, '0000-00-00', 200, 197, '0.9'),
(1278, 99999, '0000-00-00', 185, 200, '0.9'),
(1279, 99999, '0000-00-00', 165, 187, '0.9'),
(1280, 99999, '0000-00-00', 200, 167, '0.9'),
(1281, 99999, '0000-00-00', 190, 197, '0.9'),
(1282, 99999, '0000-00-00', 170, 191, '0.9'),
(1283, 99999, '0000-00-00', 189, 172, '0.9'),
(1284, 99999, '0000-00-00', 205, 187, '0.9'),
(1285, 99999, '0000-00-00', 200, 203, '0.9'),
(1286, 99999, '0000-00-00', 195, 200, '0.9'),
(1287, 99999, '0000-00-00', 186, 196, '0.9'),
(1288, 99999, '0000-00-00', 190, 187, '0.9'),
(1289, 99999, '0000-00-00', 200, 190, '0.9'),
(1290, 99999, '0000-00-00', 160, 199, '0.9'),
(1291, 99999, '0000-00-00', 150, 164, '0.9'),
(1292, 99999, '0000-00-00', 100, 151, '0.9'),
(1293, 99999, '0000-00-00', 155, 105, '0.9'),
(1294, 99999, '0000-00-00', 100, 150, '0.9'),
(1295, 99999, '0000-00-00', 200, 105, '0.9'),
(1296, 99999, '0000-00-00', 240, 191, '0.9'),
(1297, 99999, '0000-00-00', 220, 235, '0.9'),
(1298, 99999, '0000-00-00', 209, 222, '0.9'),
(1299, 99999, '0000-00-00', 200, 210, '0.9'),
(1300, 99999, '0000-00-00', 180, 201, '0.9'),
(1301, 99999, '0000-00-00', 200, 182, '0.9'),
(1302, 99999, '0000-00-00', 200, 198, '0.9'),
(1303, 99999, '0000-00-00', 200, 200, '0.9'),
(1304, 99999, '0000-00-00', 193, 200, '0.9'),
(1305, 99999, '0000-00-00', 150, 194, '0.9'),
(1306, 99999, '0000-00-00', 160, 154, '0.9'),
(1307, 99999, '0000-00-00', 140, 159, '0.9'),
(1308, 99999, '0000-00-00', 160, 142, '0.9'),
(1309, 99999, '0000-00-00', 206, 158, '0.9'),
(1310, 99999, '0000-00-00', 150, 201, '0.9'),
(1311, 99999, '0000-00-00', 200, 155, '0.9'),
(1312, 99999, '0000-00-00', 200, 196, '0.9'),
(1313, 99999, '0000-00-00', 160, 200, '0.9'),
(1314, 99999, '0000-00-00', 140, 164, '0.9'),
(1821, 21002, '2012-01-31', 200, 200, '0.3'),
(1822, 21002, '2012-02-29', 161, 200, '0.3'),
(1823, 21002, '2012-03-31', 239, 188, '0.3'),
(1824, 21002, '2012-04-30', 200, 203, '0.3'),
(1825, 21002, '2012-05-31', 250, 202, '0.3'),
(1826, 21002, '2012-06-30', 200, 216, '0.3'),
(1827, 21002, '2012-07-31', 150, 211, '0.3'),
(1828, 21002, '2012-08-31', 130, 193, '0.3'),
(1829, 21002, '2012-09-30', 100, 174, '0.3'),
(1830, 21002, '2012-10-31', 120, 152, '0.3'),
(1831, 21002, '2012-11-30', 200, 142, '0.3'),
(1832, 21002, '2012-12-31', 155, 159, '0.3'),
(1833, 21002, '2013-01-31', 200, 158, '0.3'),
(1834, 21002, '2013-02-28', 250, 171, '0.3'),
(1835, 21002, '2013-03-31', 251, 195, '0.3'),
(1836, 21002, '2013-04-30', 200, 212, '0.3'),
(1837, 21002, '2013-05-31', 180, 208, '0.3'),
(1838, 21002, '2013-06-30', 200, 200, '0.3'),
(1839, 21002, '2013-07-31', 100, 200, '0.3'),
(1840, 21002, '2013-08-31', 180, 170, '0.3'),
(1841, 21002, '2013-09-30', 200, 173, '0.3'),
(1842, 21002, '2013-10-31', 220, 181, '0.3'),
(1843, 21002, '2013-11-30', 200, 193, '0.3'),
(1844, 21002, '2013-12-31', 200, 195, '0.3'),
(1845, 21002, '2014-01-31', 200, 197, '0.3'),
(1846, 21002, '2014-02-28', 200, 198, '0.3'),
(1847, 21002, '2014-03-31', 150, 199, '0.3'),
(1848, 21002, '2014-04-30', 145, 184, '0.3'),
(1849, 21002, '2014-05-31', 158, 172, '0.3'),
(1850, 21002, '2014-06-30', 150, 168, '0.3'),
(1851, 21002, '2014-07-31', 178, 163, '0.3'),
(1852, 21002, '2014-08-31', 160, 168, '0.3'),
(1853, 21002, '2014-09-30', 220, 166, '0.3'),
(1854, 21002, '2014-10-31', 200, 182, '0.3'),
(1855, 21002, '2014-11-30', 275, 187, '0.3'),
(1856, 21002, '2014-12-31', 350, 213, '0.3'),
(1857, 21002, '2015-01-31', 400, 254, '0.3'),
(1858, 21002, '2015-02-28', 358, 298, '0.3'),
(1859, 21002, '2015-03-31', 289, 316, '0.3'),
(1860, 21002, '2015-04-30', 240, 308, '0.3'),
(1861, 21002, '2015-05-31', 200, 288, '0.3'),
(1862, 21002, '2015-06-30', 260, 262, '0.3'),
(1863, 21002, '2015-07-31', 200, 261, '0.3'),
(1864, 21002, '2015-08-31', 185, 243, '0.3'),
(1865, 21002, '2015-09-30', 100, 226, '0.3'),
(1866, 21002, '2015-10-31', 150, 188, '0.3'),
(1867, 21002, '2015-11-30', 200, 177, '0.3'),
(1868, 21002, '2015-12-31', 215, 184, '0.3'),
(1869, 21002, '2016-01-31', 230, 193, '0.3'),
(1870, 21002, '2016-02-29', 200, 204, '0.3'),
(1871, 21002, '2016-03-31', 220, 203, '0.3'),
(1872, 21002, '2016-04-30', 300, 208, '0.3'),
(1873, 21002, '2016-05-31', 291, 236, '0.3'),
(1874, 21002, '2016-06-30', 200, 253, '0.3'),
(1875, 21002, '2016-07-31', 250, 237, '0.3'),
(1876, 21002, '2016-08-31', 220, 241, '0.3'),
(1877, 21002, '2016-09-30', 150, 235, '0.3'),
(1878, 21002, '2016-10-31', 225, 210, '0.3'),
(1879, 21002, '2016-11-30', 280, 215, '0.3'),
(1880, 21002, '2016-12-31', 340, 235, '0.3'),
(1881, 21002, '2017-01-31', 330, 267, '0.3'),
(1882, 21002, '2017-02-28', 299, 286, '0.3'),
(1883, 21002, '2017-03-31', 250, 290, '0.3'),
(1884, 21002, '2017-04-30', 178, 278, '0.3'),
(1885, 21002, '2017-05-31', 160, 248, '0.3'),
(1886, 21002, '2017-06-30', 250, 222, '0.3'),
(1887, 21002, '2017-07-31', 180, 230, '0.3'),
(1888, 21002, '2017-08-31', 150, 215, '0.3'),
(1889, 21002, '2017-09-30', 200, 196, '0.3'),
(1890, 21002, '2017-10-31', 268, 197, '0.3'),
(1891, 21002, '2017-11-30', 250, 218, '0.3'),
(1892, 21002, '2017-12-31', 200, 228, '0.3'),
(1893, 21002, '2018-01-31', 260, 220, '0.3'),
(1894, 21002, '2018-02-28', 196, 232, '0.3'),
(1895, 21002, '2018-03-31', 200, 221, '0.3'),
(1896, 21002, '2018-04-30', 143, 215, '0.3'),
(1897, 21002, '2018-05-31', 115, 193, '0.3'),
(1898, 21002, '2018-06-30', 200, 170, '0.3'),
(1899, 21002, '2018-07-31', 200, 179, '0.3'),
(1900, 21002, '2018-08-31', 250, 185, '0.3'),
(1901, 21002, '2018-09-30', 200, 205, '0.3'),
(1902, 21002, '2018-10-31', 255, 204, '0.3'),
(1903, 21002, '2018-11-30', 190, 219, '0.3'),
(1904, 21002, '2018-12-31', 100, 210, '0.3'),
(1905, 21002, '2019-01-31', 150, 177, '0.3'),
(1906, 21002, '2019-02-28', 150, 169, '0.3'),
(1907, 21002, '2019-03-31', 195, 163, '0.3'),
(1908, 21002, '2019-04-30', 200, 173, '0.3'),
(1909, 21002, '2019-05-31', 150, 181, '0.3'),
(1910, 21002, '2019-06-30', 200, 172, '0.3'),
(1911, 21002, '2019-07-31', 100, 180, '0.3'),
(1912, 21002, '2019-08-31', 100, 156, '0.3'),
(1913, 21002, '2019-09-30', 100, 139, '0.3'),
(1914, 21002, '2019-10-31', 150, 127, '0.3'),
(1915, 21002, '2019-11-30', 200, 134, '0.3'),
(1916, 21002, '2019-12-31', 250, 154, '0.3'),
(1917, 21002, '2020-01-31', 220, 183, '0.3'),
(1918, 21002, '2020-02-29', 220, 194, '0.3'),
(1919, 21002, '2020-03-31', 200, 202, '0.3'),
(1920, 21002, '2020-04-30', 270, 201, '0.3'),
(1921, 21002, '2020-05-31', 0, 222, '0.3'),
(2023, 21001, '2012-01-31', 100, 100, '0.8'),
(2024, 21001, '2012-02-29', 110, 100, '0.8'),
(2025, 21001, '2012-03-31', 125, 108, '0.8'),
(2026, 21001, '2012-04-30', 160, 122, '0.8'),
(2027, 21001, '2012-05-31', 200, 152, '0.8'),
(2028, 21001, '2012-06-30', 150, 190, '0.8'),
(2029, 21001, '2012-07-31', 100, 158, '0.8'),
(2030, 21001, '2012-08-31', 190, 112, '0.8'),
(2031, 21001, '2012-09-30', 200, 174, '0.8'),
(2032, 21001, '2012-10-31', 150, 195, '0.8'),
(2033, 21001, '2012-11-30', 180, 159, '0.8'),
(2034, 21001, '2012-12-31', 150, 176, '0.8'),
(2035, 21001, '2013-01-31', 100, 155, '0.8'),
(2036, 21001, '2013-02-28', 150, 111, '0.8'),
(2037, 21001, '2013-03-31', 140, 142, '0.8'),
(2038, 21001, '2013-04-30', 150, 140, '0.8'),
(2039, 21001, '2013-05-31', 200, 148, '0.8'),
(2040, 21001, '2013-06-30', 150, 190, '0.8'),
(2041, 21001, '2013-07-31', 150, 158, '0.8'),
(2042, 21001, '2013-08-31', 140, 152, '0.8'),
(2043, 21001, '2013-09-30', 145, 142, '0.8'),
(2044, 21001, '2013-10-31', 140, 144, '0.8'),
(2045, 21001, '2013-11-30', 190, 141, '0.8'),
(2046, 21001, '2013-12-31', 180, 180, '0.8'),
(2047, 21001, '2014-01-31', 100, 180, '0.8'),
(2048, 21001, '2014-02-28', 146, 116, '0.8'),
(2049, 21001, '2014-03-31', 200, 140, '0.8'),
(2050, 21001, '2014-04-30', 130, 188, '0.8'),
(2051, 21001, '2014-05-31', 150, 142, '0.8'),
(2052, 21001, '2014-06-30', 165, 148, '0.8'),
(2053, 21001, '2014-07-31', 160, 162, '0.8'),
(2054, 21001, '2014-08-31', 150, 160, '0.8'),
(2055, 21001, '2014-09-30', 150, 152, '0.8'),
(2056, 21001, '2014-10-31', 130, 150, '0.8'),
(2057, 21001, '2014-11-30', 150, 134, '0.8'),
(2058, 21001, '2014-12-31', 160, 147, '0.8'),
(2059, 21001, '2015-01-31', 200, 157, '0.8'),
(2060, 21001, '2015-02-28', 180, 191, '0.8'),
(2061, 21001, '2015-03-31', 140, 182, '0.8'),
(2062, 21001, '2015-04-30', 130, 148, '0.8'),
(2063, 21001, '2015-05-31', 190, 134, '0.8'),
(2064, 21001, '2015-06-30', 200, 179, '0.8'),
(2065, 21001, '2015-07-31', 200, 196, '0.8'),
(2066, 21001, '2015-08-31', 150, 199, '0.8'),
(2067, 21001, '2015-09-30', 170, 160, '0.8'),
(2068, 21001, '2015-10-31', 150, 168, '0.8'),
(2069, 21001, '2015-11-30', 150, 154, '0.8'),
(2070, 21001, '2015-12-31', 134, 151, '0.8'),
(2071, 21001, '2016-01-31', 166, 137, '0.8'),
(2072, 21001, '2016-02-29', 189, 160, '0.8'),
(2073, 21001, '2016-03-31', 200, 183, '0.8'),
(2074, 21001, '2016-04-30', 199, 197, '0.8'),
(2075, 21001, '2016-05-31', 167, 199, '0.8'),
(2076, 21001, '2016-06-30', 192, 173, '0.8'),
(2077, 21001, '2016-07-31', 200, 188, '0.8'),
(2078, 21001, '2016-08-31', 200, 198, '0.8'),
(2079, 21001, '2016-09-30', 245, 200, '0.8'),
(2080, 21001, '2016-10-31', 187, 236, '0.8'),
(2081, 21001, '2016-11-30', 200, 197, '0.8'),
(2082, 21001, '2016-12-31', 188, 199, '0.8'),
(2083, 21001, '2017-01-31', 164, 190, '0.8'),
(2084, 21001, '2017-02-28', 200, 169, '0.8'),
(2085, 21001, '2017-03-31', 200, 194, '0.8'),
(2086, 21001, '2017-04-30', 185, 199, '0.8'),
(2087, 21001, '2017-05-31', 165, 188, '0.8'),
(2088, 21001, '2017-06-30', 200, 170, '0.8'),
(2089, 21001, '2017-07-31', 190, 194, '0.8'),
(2090, 21001, '2017-08-31', 170, 191, '0.8'),
(2091, 21001, '2017-09-30', 189, 174, '0.8'),
(2092, 21001, '2017-10-31', 205, 186, '0.8'),
(2093, 21001, '2017-11-30', 200, 201, '0.8'),
(2094, 21001, '2017-12-31', 195, 200, '0.8'),
(2095, 21001, '2018-01-31', 186, 196, '0.8'),
(2096, 21001, '2018-02-28', 190, 188, '0.8'),
(2097, 21001, '2018-03-31', 200, 190, '0.8'),
(2098, 21001, '2018-04-30', 160, 198, '0.8'),
(2099, 21001, '2018-05-31', 150, 168, '0.8'),
(2100, 21001, '2018-06-30', 100, 154, '0.8'),
(2101, 21001, '2018-07-31', 155, 111, '0.8'),
(2102, 21001, '2018-08-31', 100, 146, '0.8'),
(2103, 21001, '2018-09-30', 200, 109, '0.8'),
(2104, 21001, '2018-10-31', 240, 182, '0.8'),
(2105, 21001, '2018-11-30', 220, 228, '0.8'),
(2106, 21001, '2018-12-31', 209, 222, '0.8'),
(2107, 21001, '2019-01-31', 200, 212, '0.8'),
(2108, 21001, '2019-02-28', 180, 202, '0.8'),
(2109, 21001, '2019-03-31', 200, 184, '0.8'),
(2110, 21001, '2019-04-30', 200, 197, '0.8'),
(2111, 21001, '2019-05-31', 200, 199, '0.8'),
(2112, 21001, '2019-06-30', 193, 200, '0.8'),
(2113, 21001, '2019-07-31', 150, 194, '0.8'),
(2114, 21001, '2019-08-31', 160, 159, '0.8'),
(2115, 21001, '2019-09-30', 140, 160, '0.8'),
(2116, 21001, '2019-10-31', 160, 144, '0.8'),
(2117, 21001, '2019-11-30', 206, 157, '0.8'),
(2118, 21001, '2019-12-31', 150, 196, '0.8'),
(2119, 21001, '2020-01-31', 200, 159, '0.8'),
(2120, 21001, '2020-02-29', 200, 192, '0.8'),
(2121, 21001, '2020-03-31', 160, 198, '0.8'),
(2122, 21001, '2020-04-30', 140, 168, '0.8'),
(2123, 21001, '2020-05-31', 0, 146, '0.8');

-- --------------------------------------------------------

--
-- Struktur dari tabel `user`
--

CREATE TABLE `user` (
  `id_user` int(5) NOT NULL,
  `username` varchar(10) NOT NULL,
  `password` varchar(10) NOT NULL
) ENGINE=InnoDB DEFAULT CHARSET=latin1;

--
-- Dumping data untuk tabel `user`
--

INSERT INTO `user` (`id_user`, `username`, `password`) VALUES
(101, 'admin', '111');

--
-- Indexes for dumped tables
--

--
-- Indeks untuk tabel `data_barang`
--
ALTER TABLE `data_barang`
  ADD PRIMARY KEY (`id_barang`);

--
-- Indeks untuk tabel `data_penjualan`
--
ALTER TABLE `data_penjualan`
  ADD PRIMARY KEY (`id_penjualan`);

--
-- Indeks untuk tabel `prediksi`
--
ALTER TABLE `prediksi`
  ADD PRIMARY KEY (`id_prediksi`);

--
-- Indeks untuk tabel `user`
--
ALTER TABLE `user`
  ADD PRIMARY KEY (`id_user`);

--
-- AUTO_INCREMENT untuk tabel yang dibuang
--

--
-- AUTO_INCREMENT untuk tabel `data_barang`
--
ALTER TABLE `data_barang`
  MODIFY `id_barang` int(5) NOT NULL AUTO_INCREMENT, AUTO_INCREMENT=21047;

--
-- AUTO_INCREMENT untuk tabel `data_penjualan`
--
ALTER TABLE `data_penjualan`
  MODIFY `id_penjualan` int(5) NOT NULL AUTO_INCREMENT, AUTO_INCREMENT=508;

--
-- AUTO_INCREMENT untuk tabel `prediksi`
--
ALTER TABLE `prediksi`
  MODIFY `id_prediksi` int(5) NOT NULL AUTO_INCREMENT, AUTO_INCREMENT=2124;

--
-- AUTO_INCREMENT untuk tabel `user`
--
ALTER TABLE `user`
  MODIFY `id_user` int(5) NOT NULL AUTO_INCREMENT, AUTO_INCREMENT=102;
COMMIT;

/*!40101 SET CHARACTER_SET_CLIENT=@OLD_CHARACTER_SET_CLIENT */;
/*!40101 SET CHARACTER_SET_RESULTS=@OLD_CHARACTER_SET_RESULTS */;
/*!40101 SET COLLATION_CONNECTION=@OLD_COLLATION_CONNECTION */;
