-- phpMyAdmin SQL Dump
-- version 4.9.0.1
-- https://www.phpmyadmin.net/
--
-- Host: 127.0.0.1
-- Generation Time: Jan 28, 2022 at 04:36 PM
-- Server version: 10.4.6-MariaDB
-- PHP Version: 7.3.9

SET SQL_MODE = "NO_AUTO_VALUE_ON_ZERO";
SET AUTOCOMMIT = 0;
START TRANSACTION;
SET time_zone = "+00:00";


/*!40101 SET @OLD_CHARACTER_SET_CLIENT=@@CHARACTER_SET_CLIENT */;
/*!40101 SET @OLD_CHARACTER_SET_RESULTS=@@CHARACTER_SET_RESULTS */;
/*!40101 SET @OLD_COLLATION_CONNECTION=@@COLLATION_CONNECTION */;
/*!40101 SET NAMES utf8mb4 */;

--
-- Database: `stok_barang`
--

CREATE DATABASE IF NOT EXISTS stok_barang;
-- --------------------------------------------------------

--
-- Table structure for table `data_barang`
--

CREATE TABLE `data_barang` (
  `id_barang` int(5) NOT NULL,
  `nama_barang` varchar(20) NOT NULL,
  `jumlah` int(5) NOT NULL
) ENGINE=InnoDB DEFAULT CHARSET=latin1;

--
-- Dumping data for table `data_barang`
--

INSERT INTO `data_barang` (`id_barang`, `nama_barang`, `jumlah`) VALUES
(21001, 'Semen Padang', 16982),
(21002, 'Semen Power Max', 20462),
(21003, 'Semen Dynamix', 17238),
(21004, 'Ban Tecking', 18797),
(21005, 'Fosroc Cat Anti Air', 19227);

-- --------------------------------------------------------

--
-- Table structure for table `data_penjualan`
--

CREATE TABLE `data_penjualan` (
  `id_penjualan` int(5) NOT NULL,
  `bln_penjualan` date DEFAULT NULL,
  `id_barang` int(5) DEFAULT NULL,
  `jumlah` int(5) DEFAULT NULL
) ENGINE=InnoDB DEFAULT CHARSET=utf8mb4;

--
-- Dumping data for table `data_penjualan`
--

INSERT INTO `data_penjualan` (`id_penjualan`, `bln_penjualan`, `id_barang`, `jumlah`) VALUES
(1, '0000-00-00', 21001, 100),
(2, '0000-00-00', 21001, 110),
(3, '0000-00-00', 21001, 125),
(4, '0000-00-00', 21001, 160),
(5, '0000-00-00', 21001, 200),
(6, '0000-00-00', 21001, 150),
(7, '0000-00-00', 21001, 100),
(8, '0000-00-00', 21001, 190),
(9, '0000-00-00', 21001, 200),
(10, '0000-00-00', 21001, 150),
(11, '0000-00-00', 21001, 180),
(12, '0000-00-00', 21001, 150),
(13, '0000-00-00', 21001, 100),
(14, '0000-00-00', 21001, 150),
(15, '0000-00-00', 21001, 140),
(16, '0000-00-00', 21001, 150),
(17, '0000-00-00', 21001, 200),
(18, '0000-00-00', 21001, 150),
(19, '0000-00-00', 21001, 150),
(20, '0000-00-00', 21001, 140),
(21, '0000-00-00', 21001, 145),
(22, '0000-00-00', 21001, 140),
(23, '0000-00-00', 21001, 190),
(24, '0000-00-00', 21001, 180),
(25, '0000-00-00', 21001, 100),
(26, '0000-00-00', 21001, 146),
(27, '0000-00-00', 21001, 200),
(28, '0000-00-00', 21001, 130),
(29, '0000-00-00', 21001, 150),
(30, '0000-00-00', 21001, 165),
(31, '0000-00-00', 21001, 160),
(32, '0000-00-00', 21001, 150),
(33, '0000-00-00', 21001, 150),
(34, '0000-00-00', 21001, 130),
(35, '0000-00-00', 21001, 150),
(36, '0000-00-00', 21001, 160),
(37, '0000-00-00', 21001, 200),
(38, '0000-00-00', 21001, 180),
(39, '0000-00-00', 21001, 140),
(40, '0000-00-00', 21001, 130),
(41, '0000-00-00', 21001, 190),
(42, '0000-00-00', 21001, 200),
(43, '0000-00-00', 21001, 200),
(44, '0000-00-00', 21001, 150),
(45, '0000-00-00', 21001, 170),
(46, '0000-00-00', 21001, 150),
(47, '0000-00-00', 21001, 150),
(48, '0000-00-00', 21001, 134),
(49, '0000-00-00', 21001, 166),
(50, '0000-00-00', 21001, 189),
(51, '0000-00-00', 21001, 200),
(52, '0000-00-00', 21001, 199),
(53, '0000-00-00', 21001, 167),
(54, '0000-00-00', 21001, 192),
(55, '0000-00-00', 21001, 200),
(56, '0000-00-00', 21001, 200),
(57, '0000-00-00', 21001, 245),
(58, '0000-00-00', 21001, 187),
(59, '0000-00-00', 21001, 200),
(60, '0000-00-00', 21001, 188),
(61, '0000-00-00', 21001, 164),
(62, '0000-00-00', 21001, 200),
(63, '0000-00-00', 21001, 200),
(64, '0000-00-00', 21001, 185),
(65, '0000-00-00', 21001, 165),
(66, '0000-00-00', 21001, 200),
(67, '0000-00-00', 21001, 190),
(68, '0000-00-00', 21001, 170),
(69, '0000-00-00', 21001, 189),
(70, '0000-00-00', 21001, 205),
(71, '0000-00-00', 21001, 200),
(72, '0000-00-00', 21001, 195),
(73, '0000-00-00', 21001, 186),
(74, '0000-00-00', 21001, 190),
(75, '0000-00-00', 21001, 200),
(76, '0000-00-00', 21001, 160),
(77, '0000-00-00', 21001, 150),
(78, '0000-00-00', 21001, 100),
(79, '0000-00-00', 21001, 155),
(80, '0000-00-00', 21001, 100),
(81, '0000-00-00', 21001, 200),
(82, '0000-00-00', 21001, 240),
(83, '0000-00-00', 21001, 220),
(84, '0000-00-00', 21001, 209),
(85, '0000-00-00', 21001, 200),
(86, '0000-00-00', 21001, 180),
(87, '0000-00-00', 21001, 200),
(88, '0000-00-00', 21001, 200),
(89, '0000-00-00', 21001, 200),
(90, '0000-00-00', 21001, 193),
(91, '0000-00-00', 21001, 150),
(92, '0000-00-00', 21001, 160),
(93, '0000-00-00', 21001, 140),
(94, '0000-00-00', 21001, 160),
(95, '0000-00-00', 21001, 206),
(96, '0000-00-00', 21001, 150),
(97, '0000-00-00', 21001, 200),
(98, '0000-00-00', 21001, 200),
(99, '0000-00-00', 21001, 160),
(100, '0000-00-00', 21001, 140),
(101, '0000-00-00', 21002, 200),
(102, '0000-00-00', 21002, 161),
(103, '0000-00-00', 21002, 239),
(104, '0000-00-00', 21002, 200),
(105, '0000-00-00', 21002, 250),
(106, '0000-00-00', 21002, 200),
(107, '0000-00-00', 21002, 150),
(108, '0000-00-00', 21002, 130),
(109, '0000-00-00', 21002, 100),
(110, '0000-00-00', 21002, 120),
(111, '0000-00-00', 21002, 200),
(112, '0000-00-00', 21002, 155),
(113, '0000-00-00', 21002, 200),
(114, '0000-00-00', 21002, 250),
(115, '0000-00-00', 21002, 251),
(116, '0000-00-00', 21002, 200),
(117, '0000-00-00', 21002, 180),
(118, '0000-00-00', 21002, 200),
(119, '0000-00-00', 21002, 100),
(120, '0000-00-00', 21002, 180),
(121, '0000-00-00', 21002, 200),
(122, '0000-00-00', 21002, 220),
(123, '0000-00-00', 21002, 200),
(124, '0000-00-00', 21002, 200),
(125, '0000-00-00', 21002, 200),
(126, '0000-00-00', 21002, 200),
(127, '0000-00-00', 21002, 150),
(128, '0000-00-00', 21002, 145),
(129, '0000-00-00', 21002, 158),
(130, '0000-00-00', 21002, 150),
(131, '0000-00-00', 21002, 178),
(132, '0000-00-00', 21002, 160),
(133, '0000-00-00', 21002, 220),
(134, '0000-00-00', 21002, 200),
(135, '0000-00-00', 21002, 275),
(136, '0000-00-00', 21002, 350),
(137, '0000-00-00', 21002, 400),
(138, '0000-00-00', 21002, 358),
(139, '0000-00-00', 21002, 289),
(140, '0000-00-00', 21002, 240),
(141, '0000-00-00', 21002, 200),
(142, '0000-00-00', 21002, 260),
(143, '0000-00-00', 21002, 200),
(144, '0000-00-00', 21002, 185),
(145, '0000-00-00', 21002, 100),
(146, '0000-00-00', 21002, 150),
(147, '0000-00-00', 21002, 200),
(148, '0000-00-00', 21002, 215),
(149, '0000-00-00', 21002, 230),
(150, '0000-00-00', 21002, 200),
(151, '0000-00-00', 21002, 220),
(152, '0000-00-00', 21002, 300),
(153, '0000-00-00', 21002, 291),
(154, '0000-00-00', 21002, 200),
(155, '0000-00-00', 21002, 250),
(156, '0000-00-00', 21002, 220),
(157, '0000-00-00', 21002, 150),
(158, '0000-00-00', 21002, 225),
(159, '0000-00-00', 21002, 280),
(160, '0000-00-00', 21002, 340),
(161, '0000-00-00', 21002, 330),
(162, '0000-00-00', 21002, 299),
(163, '0000-00-00', 21002, 250),
(164, '0000-00-00', 21002, 178),
(165, '0000-00-00', 21002, 160),
(166, '0000-00-00', 21002, 250),
(167, '0000-00-00', 21002, 180),
(168, '0000-00-00', 21002, 150),
(169, '0000-00-00', 21002, 200),
(170, '0000-00-00', 21002, 268),
(171, '0000-00-00', 21002, 250),
(172, '0000-00-00', 21002, 200),
(173, '0000-00-00', 21002, 260),
(174, '0000-00-00', 21002, 196),
(175, '0000-00-00', 21002, 200),
(176, '0000-00-00', 21002, 143),
(177, '0000-00-00', 21002, 115),
(178, '0000-00-00', 21002, 200),
(179, '0000-00-00', 21002, 200),
(180, '0000-00-00', 21002, 250),
(181, '0000-00-00', 21002, 200),
(182, '0000-00-00', 21002, 255),
(183, '0000-00-00', 21002, 190),
(184, '0000-00-00', 21002, 100),
(185, '0000-00-00', 21002, 150),
(186, '0000-00-00', 21002, 150),
(187, '0000-00-00', 21002, 195),
(188, '0000-00-00', 21002, 200),
(189, '0000-00-00', 21002, 150),
(190, '0000-00-00', 21002, 200),
(191, '0000-00-00', 21002, 100),
(192, '0000-00-00', 21002, 100),
(193, '0000-00-00', 21002, 100),
(194, '0000-00-00', 21002, 150),
(195, '0000-00-00', 21002, 200),
(196, '0000-00-00', 21002, 250),
(197, '0000-00-00', 21002, 220),
(198, '0000-00-00', 21002, 220),
(199, '0000-00-00', 21002, 200),
(200, '0000-00-00', 21002, 270),
(201, '0000-00-00', 21003, 127),
(202, '0000-00-00', 21003, 100),
(203, '0000-00-00', 21003, 150),
(204, '0000-00-00', 21003, 160),
(205, '0000-00-00', 21003, 150),
(206, '0000-00-00', 21003, 165),
(207, '0000-00-00', 21003, 200),
(208, '0000-00-00', 21003, 100),
(209, '0000-00-00', 21003, 150),
(210, '0000-00-00', 21003, 120),
(211, '0000-00-00', 21003, 200),
(212, '0000-00-00', 21003, 180),
(213, '0000-00-00', 21003, 150),
(214, '0000-00-00', 21003, 167),
(215, '0000-00-00', 21003, 145),
(216, '0000-00-00', 21003, 150),
(217, '0000-00-00', 21003, 200),
(218, '0000-00-00', 21003, 150),
(219, '0000-00-00', 21003, 200),
(220, '0000-00-00', 21003, 180),
(221, '0000-00-00', 21003, 156),
(222, '0000-00-00', 21003, 155),
(223, '0000-00-00', 21003, 180),
(224, '0000-00-00', 21003, 200),
(225, '0000-00-00', 21003, 260),
(226, '0000-00-00', 21003, 250),
(227, '0000-00-00', 21003, 236),
(228, '0000-00-00', 21003, 287),
(229, '0000-00-00', 21003, 200),
(230, '0000-00-00', 21003, 150),
(231, '0000-00-00', 21003, 150),
(232, '0000-00-00', 21003, 150),
(233, '0000-00-00', 21003, 141),
(234, '0000-00-00', 21003, 122),
(235, '0000-00-00', 21003, 156),
(236, '0000-00-00', 21003, 150),
(237, '0000-00-00', 21003, 200),
(238, '0000-00-00', 21003, 220),
(239, '0000-00-00', 21003, 200),
(240, '0000-00-00', 21003, 251),
(241, '0000-00-00', 21003, 250),
(242, '0000-00-00', 21003, 188),
(243, '0000-00-00', 21003, 150),
(244, '0000-00-00', 21003, 100),
(245, '0000-00-00', 21003, 150),
(246, '0000-00-00', 21003, 144),
(247, '0000-00-00', 21003, 100),
(248, '0000-00-00', 21003, 170),
(249, '0000-00-00', 21003, 200),
(250, '0000-00-00', 21003, 220),
(251, '0000-00-00', 21003, 233),
(252, '0000-00-00', 21003, 160),
(253, '0000-00-00', 21003, 215),
(254, '0000-00-00', 21003, 200),
(255, '0000-00-00', 21003, 150),
(256, '0000-00-00', 21003, 200),
(257, '0000-00-00', 21003, 180),
(258, '0000-00-00', 21003, 242),
(259, '0000-00-00', 21003, 260),
(260, '0000-00-00', 21003, 200),
(261, '0000-00-00', 21003, 140),
(262, '0000-00-00', 21003, 100),
(263, '0000-00-00', 21003, 200),
(264, '0000-00-00', 21003, 200),
(265, '0000-00-00', 21003, 156),
(266, '0000-00-00', 21003, 100),
(267, '0000-00-00', 21003, 150),
(268, '0000-00-00', 21003, 140),
(269, '0000-00-00', 21003, 189),
(270, '0000-00-00', 21003, 204),
(271, '0000-00-00', 21003, 250),
(272, '0000-00-00', 21003, 176),
(273, '0000-00-00', 21003, 150),
(274, '0000-00-00', 21003, 145),
(275, '0000-00-00', 21003, 100),
(276, '0000-00-00', 21003, 100),
(277, '0000-00-00', 21003, 130),
(278, '0000-00-00', 21003, 200),
(279, '0000-00-00', 21003, 250),
(280, '0000-00-00', 21003, 240),
(281, '0000-00-00', 21003, 205),
(282, '0000-00-00', 21003, 150),
(283, '0000-00-00', 21003, 166),
(284, '0000-00-00', 21003, 199),
(285, '0000-00-00', 21003, 158),
(286, '0000-00-00', 21003, 110),
(287, '0000-00-00', 21003, 150),
(288, '0000-00-00', 21003, 135),
(289, '0000-00-00', 21003, 200),
(290, '0000-00-00', 21003, 200),
(291, '0000-00-00', 21003, 236),
(292, '0000-00-00', 21003, 160),
(293, '0000-00-00', 21003, 125),
(294, '0000-00-00', 21003, 150),
(295, '0000-00-00', 21003, 150),
(296, '0000-00-00', 21003, 150),
(297, '0000-00-00', 21003, 137),
(298, '0000-00-00', 21003, 100),
(299, '0000-00-00', 21003, 167),
(300, '0000-00-00', 21003, 200),
(301, '0000-00-00', 21004, 100),
(302, '0000-00-00', 21004, 143),
(303, '0000-00-00', 21004, 160),
(304, '0000-00-00', 21004, 200),
(305, '0000-00-00', 21004, 150),
(306, '0000-00-00', 21004, 100),
(307, '0000-00-00', 21004, 150),
(308, '0000-00-00', 21004, 208),
(309, '0000-00-00', 21004, 243),
(310, '0000-00-00', 21004, 269),
(311, '0000-00-00', 21004, 200),
(312, '0000-00-00', 21004, 200),
(313, '0000-00-00', 21004, 192),
(314, '0000-00-00', 21004, 120),
(315, '0000-00-00', 21004, 150),
(316, '0000-00-00', 21004, 205),
(317, '0000-00-00', 21004, 230),
(318, '0000-00-00', 21004, 200),
(319, '0000-00-00', 21004, 279),
(320, '0000-00-00', 21004, 300),
(321, '0000-00-00', 21004, 200),
(322, '0000-00-00', 21004, 155),
(323, '0000-00-00', 21004, 100),
(324, '0000-00-00', 21004, 150),
(325, '0000-00-00', 21004, 100),
(326, '0000-00-00', 21004, 160),
(327, '0000-00-00', 21004, 195),
(328, '0000-00-00', 21004, 230),
(329, '0000-00-00', 21004, 150),
(330, '0000-00-00', 21004, 200),
(331, '0000-00-00', 21004, 250),
(332, '0000-00-00', 21004, 183),
(333, '0000-00-00', 21004, 200),
(334, '0000-00-00', 21004, 210),
(335, '0000-00-00', 21004, 250),
(336, '0000-00-00', 21004, 240),
(337, '0000-00-00', 21004, 250),
(338, '0000-00-00', 21004, 230),
(339, '0000-00-00', 21004, 200),
(340, '0000-00-00', 21004, 200),
(341, '0000-00-00', 21004, 140),
(342, '0000-00-00', 21004, 150),
(343, '0000-00-00', 21004, 100),
(344, '0000-00-00', 21004, 100),
(345, '0000-00-00', 21004, 160),
(346, '0000-00-00', 21004, 200),
(347, '0000-00-00', 21004, 150),
(348, '0000-00-00', 21004, 150),
(349, '0000-00-00', 21004, 200),
(350, '0000-00-00', 21004, 200),
(351, '0000-00-00', 21004, 150),
(352, '0000-00-00', 21004, 205),
(353, '0000-00-00', 21004, 210),
(354, '0000-00-00', 21004, 289),
(355, '0000-00-00', 21004, 300),
(356, '0000-00-00', 21004, 324),
(357, '0000-00-00', 21004, 268),
(358, '0000-00-00', 21004, 240),
(359, '0000-00-00', 21004, 150),
(360, '0000-00-00', 21004, 200),
(361, '0000-00-00', 21004, 200),
(362, '0000-00-00', 21004, 150),
(363, '0000-00-00', 21004, 110),
(364, '0000-00-00', 21004, 200),
(365, '0000-00-00', 21004, 200),
(366, '0000-00-00', 21004, 215),
(367, '0000-00-00', 21004, 200),
(368, '0000-00-00', 21004, 200),
(369, '0000-00-00', 21004, 250),
(370, '0000-00-00', 21004, 195),
(371, '0000-00-00', 21004, 200),
(372, '0000-00-00', 21004, 200),
(373, '0000-00-00', 21004, 154),
(374, '0000-00-00', 21004, 200),
(375, '0000-00-00', 21004, 290),
(376, '0000-00-00', 21004, 250),
(377, '0000-00-00', 21004, 185),
(378, '0000-00-00', 21004, 200),
(379, '0000-00-00', 21004, 225),
(380, '0000-00-00', 21004, 200),
(381, '0000-00-00', 21004, 200),
(382, '0000-00-00', 21004, 150),
(383, '0000-00-00', 21004, 100),
(384, '0000-00-00', 21004, 200),
(385, '0000-00-00', 21004, 120),
(386, '0000-00-00', 21004, 100),
(387, '0000-00-00', 21004, 154),
(388, '0000-00-00', 21004, 100),
(389, '0000-00-00', 21004, 126),
(390, '0000-00-00', 21004, 200),
(391, '0000-00-00', 21004, 200),
(392, '0000-00-00', 21004, 200),
(393, '0000-00-00', 21004, 280),
(394, '0000-00-00', 21004, 200),
(395, '0000-00-00', 21004, 250),
(396, '0000-00-00', 21004, 165),
(397, '0000-00-00', 21004, 100),
(398, '0000-00-00', 21004, 150),
(399, '0000-00-00', 21004, 100),
(400, '0000-00-00', 21004, 140),
(401, '0000-00-00', 21005, 100),
(402, '0000-00-00', 21005, 154),
(403, '0000-00-00', 21005, 180),
(404, '0000-00-00', 21005, 233),
(405, '0000-00-00', 21005, 150),
(406, '0000-00-00', 21005, 170),
(407, '0000-00-00', 21005, 100),
(408, '0000-00-00', 21005, 120),
(409, '0000-00-00', 21005, 200),
(410, '0000-00-00', 21005, 200),
(411, '0000-00-00', 21005, 150),
(412, '0000-00-00', 21005, 180),
(413, '0000-00-00', 21005, 250),
(414, '0000-00-00', 21005, 285),
(415, '0000-00-00', 21005, 305),
(416, '0000-00-00', 21005, 350),
(417, '0000-00-00', 21005, 279),
(418, '0000-00-00', 21005, 250),
(419, '0000-00-00', 21005, 200),
(420, '0000-00-00', 21005, 150),
(421, '0000-00-00', 21005, 105),
(422, '0000-00-00', 21005, 145),
(423, '0000-00-00', 21005, 180),
(424, '0000-00-00', 21005, 200),
(425, '0000-00-00', 21005, 260),
(426, '0000-00-00', 21005, 165),
(427, '0000-00-00', 21005, 250),
(428, '0000-00-00', 21005, 200),
(429, '0000-00-00', 21005, 200),
(430, '0000-00-00', 21005, 250),
(431, '0000-00-00', 21005, 200),
(432, '0000-00-00', 21005, 160),
(433, '0000-00-00', 21005, 140),
(434, '0000-00-00', 21005, 200),
(435, '0000-00-00', 21005, 200),
(436, '0000-00-00', 21005, 290),
(437, '0000-00-00', 21005, 307),
(438, '0000-00-00', 21005, 400),
(439, '0000-00-00', 21005, 354),
(440, '0000-00-00', 21005, 314),
(441, '0000-00-00', 21005, 265),
(442, '0000-00-00', 21005, 192),
(443, '0000-00-00', 21005, 150),
(444, '0000-00-00', 21005, 100),
(445, '0000-00-00', 21005, 200),
(446, '0000-00-00', 21005, 140),
(447, '0000-00-00', 21005, 100),
(448, '0000-00-00', 21005, 170),
(449, '0000-00-00', 21005, 208),
(450, '0000-00-00', 21005, 220),
(451, '0000-00-00', 21005, 230),
(452, '0000-00-00', 21005, 160),
(453, '0000-00-00', 21005, 230),
(454, '0000-00-00', 21005, 200),
(455, '0000-00-00', 21005, 150),
(456, '0000-00-00', 21005, 200),
(457, '0000-00-00', 21005, 180),
(458, '0000-00-00', 21005, 240),
(459, '0000-00-00', 21005, 160),
(460, '0000-00-00', 21005, 200),
(461, '0000-00-00', 21005, 140),
(462, '0000-00-00', 21005, 100),
(463, '0000-00-00', 21005, 200),
(464, '0000-00-00', 21005, 200),
(465, '0000-00-00', 21005, 250),
(466, '0000-00-00', 21005, 165),
(467, '0000-00-00', 21005, 150),
(468, '0000-00-00', 21005, 140),
(469, '0000-00-00', 21005, 200),
(470, '0000-00-00', 21005, 240),
(471, '0000-00-00', 21005, 250),
(472, '0000-00-00', 21005, 193),
(473, '0000-00-00', 21005, 150),
(474, '0000-00-00', 21005, 205),
(475, '0000-00-00', 21005, 212),
(476, '0000-00-00', 21005, 177),
(477, '0000-00-00', 21005, 163),
(478, '0000-00-00', 21005, 200),
(479, '0000-00-00', 21005, 250),
(480, '0000-00-00', 21005, 240),
(481, '0000-00-00', 21005, 190),
(482, '0000-00-00', 21005, 150),
(483, '0000-00-00', 21005, 160),
(484, '0000-00-00', 21005, 199),
(485, '0000-00-00', 21005, 115),
(486, '0000-00-00', 21005, 110),
(487, '0000-00-00', 21005, 150),
(488, '0000-00-00', 21005, 200),
(489, '0000-00-00', 21005, 200),
(490, '0000-00-00', 21005, 200),
(491, '0000-00-00', 21005, 130),
(492, '0000-00-00', 21005, 160),
(493, '0000-00-00', 21005, 125),
(494, '0000-00-00', 21005, 150),
(495, '0000-00-00', 21005, 150),
(496, '0000-00-00', 21005, 155),
(497, '0000-00-00', 21005, 137),
(498, '0000-00-00', 21005, 100),
(499, '0000-00-00', 21005, 200),
(500, '0000-00-00', 21005, 200);

-- --------------------------------------------------------

--
-- Table structure for table `prediksi`
--

CREATE TABLE `prediksi` (
  `id_prediksi` int(5) NOT NULL,
  `id_barang` int(5) NOT NULL,
  `bulan` date NOT NULL,
  `jumlah` int(5) NOT NULL,
  `prediksi` int(5) NOT NULL,
  `alpha_value` decimal(2,1) NOT NULL
) ENGINE=InnoDB DEFAULT CHARSET=latin1;

--
-- Dumping data for table `prediksi`
--

INSERT INTO `prediksi` (`id_prediksi`, `id_barang`, `bulan`, `jumlah`, `prediksi`, `alpha_value`) VALUES
(769, 21004, '0000-00-00', 150, 150, '0.3'),
(770, 21004, '0000-00-00', 200, 150, '0.3'),
(771, 21004, '0000-00-00', 215, 165, '0.3'),
(772, 21004, '0000-00-00', 200, 180, '0.3'),
(773, 21004, '0000-00-00', 200, 186, '0.3'),
(774, 21004, '0000-00-00', 250, 190, '0.3'),
(775, 21004, '0000-00-00', 195, 208, '0.3'),
(776, 21004, '0000-00-00', 200, 204, '0.3'),
(777, 21004, '0000-00-00', 200, 203, '0.3'),
(778, 21004, '0000-00-00', 154, 202, '0.3'),
(779, 21004, '0000-00-00', 200, 188, '0.3'),
(780, 21004, '0000-00-00', 200, 192, '0.3'),
(781, 21004, '0000-00-00', 110, 194, '0.3'),
(782, 21004, '0000-00-00', 150, 169, '0.3'),
(783, 21004, '0000-00-00', 205, 163, '0.3'),
(784, 21004, '0000-00-00', 210, 176, '0.3'),
(785, 21004, '0000-00-00', 289, 186, '0.3'),
(786, 21004, '0000-00-00', 300, 217, '0.3'),
(787, 21004, '0000-00-00', 324, 242, '0.3'),
(788, 21004, '0000-00-00', 268, 267, '0.3'),
(789, 21004, '0000-00-00', 240, 267, '0.3'),
(790, 21004, '0000-00-00', 150, 259, '0.3'),
(791, 21004, '0000-00-00', 200, 226, '0.3'),
(792, 21004, '0000-00-00', 200, 218, '0.3'),
(793, 21004, '0000-00-00', 290, 213, '0.3'),
(794, 21004, '0000-00-00', 250, 236, '0.3'),
(795, 21004, '0000-00-00', 200, 240, '0.3'),
(796, 21004, '0000-00-00', 200, 228, '0.3'),
(797, 21004, '0000-00-00', 200, 220, '0.3'),
(798, 21004, '0000-00-00', 280, 214, '0.3'),
(799, 21004, '0000-00-00', 200, 234, '0.3'),
(800, 21004, '0000-00-00', 250, 224, '0.3'),
(801, 21004, '0000-00-00', 165, 232, '0.3'),
(802, 21004, '0000-00-00', 100, 212, '0.3'),
(803, 21004, '0000-00-00', 150, 178, '0.3'),
(804, 21004, '0000-00-00', 100, 170, '0.3'),
(805, 21004, '0000-00-00', 126, 149, '0.3'),
(806, 21004, '0000-00-00', 100, 142, '0.3'),
(807, 21004, '0000-00-00', 154, 129, '0.3'),
(808, 21004, '0000-00-00', 185, 137, '0.3'),
(809, 21004, '0000-00-00', 200, 151, '0.3'),
(810, 21004, '0000-00-00', 225, 166, '0.3'),
(811, 21004, '0000-00-00', 200, 184, '0.3'),
(812, 21004, '0000-00-00', 200, 189, '0.3'),
(813, 21004, '0000-00-00', 150, 192, '0.3'),
(814, 21004, '0000-00-00', 100, 179, '0.3'),
(815, 21004, '0000-00-00', 200, 155, '0.3'),
(816, 21004, '0000-00-00', 120, 169, '0.3'),
(817, 21004, '0000-00-00', 100, 154, '0.3'),
(818, 21004, '0000-00-00', 140, 138, '0.3'),
(819, 21004, '0000-00-00', 100, 139, '0.3'),
(820, 21004, '0000-00-00', 150, 127, '0.3'),
(821, 21004, '0000-00-00', 205, 134, '0.3'),
(822, 21004, '0000-00-00', 230, 155, '0.3'),
(823, 21004, '0000-00-00', 200, 178, '0.3'),
(824, 21004, '0000-00-00', 279, 185, '0.3'),
(825, 21004, '0000-00-00', 300, 213, '0.3'),
(826, 21004, '0000-00-00', 200, 239, '0.3'),
(827, 21004, '0000-00-00', 155, 227, '0.3'),
(828, 21004, '0000-00-00', 100, 205, '0.3'),
(829, 21004, '0000-00-00', 150, 174, '0.3'),
(830, 21004, '0000-00-00', 120, 167, '0.3'),
(831, 21004, '0000-00-00', 192, 153, '0.3'),
(832, 21004, '0000-00-00', 200, 165, '0.3'),
(833, 21004, '0000-00-00', 143, 176, '0.3'),
(834, 21004, '0000-00-00', 160, 166, '0.3'),
(835, 21004, '0000-00-00', 200, 164, '0.3'),
(836, 21004, '0000-00-00', 150, 175, '0.3'),
(837, 21004, '0000-00-00', 100, 168, '0.3'),
(838, 21004, '0000-00-00', 150, 148, '0.3'),
(839, 21004, '0000-00-00', 208, 149, '0.3'),
(840, 21004, '0000-00-00', 243, 167, '0.3'),
(841, 21004, '0000-00-00', 269, 190, '0.3'),
(842, 21004, '0000-00-00', 200, 214, '0.3'),
(843, 21004, '0000-00-00', 100, 210, '0.3'),
(844, 21004, '0000-00-00', 160, 177, '0.3'),
(845, 21004, '0000-00-00', 200, 172, '0.3'),
(846, 21004, '0000-00-00', 140, 180, '0.3'),
(847, 21004, '0000-00-00', 150, 168, '0.3'),
(848, 21004, '0000-00-00', 100, 163, '0.3'),
(849, 21004, '0000-00-00', 100, 144, '0.3'),
(850, 21004, '0000-00-00', 160, 131, '0.3'),
(851, 21004, '0000-00-00', 200, 140, '0.3'),
(852, 21004, '0000-00-00', 150, 158, '0.3'),
(853, 21004, '0000-00-00', 150, 156, '0.3'),
(854, 21004, '0000-00-00', 200, 154, '0.3'),
(855, 21004, '0000-00-00', 200, 168, '0.3'),
(856, 21004, '0000-00-00', 230, 178, '0.3'),
(857, 21004, '0000-00-00', 250, 194, '0.3'),
(858, 21004, '0000-00-00', 195, 211, '0.3'),
(859, 21004, '0000-00-00', 230, 206, '0.3'),
(860, 21004, '0000-00-00', 150, 213, '0.3'),
(861, 21004, '0000-00-00', 200, 194, '0.3'),
(862, 21004, '0000-00-00', 250, 196, '0.3'),
(863, 21004, '0000-00-00', 183, 212, '0.3'),
(864, 21004, '0000-00-00', 200, 203, '0.3'),
(865, 21004, '0000-00-00', 210, 202, '0.3'),
(866, 21004, '0000-00-00', 250, 204, '0.3'),
(867, 21004, '0000-00-00', 240, 218, '0.3'),
(868, 21004, '0000-00-00', 200, 225, '0.3'),
(869, 21004, '0000-01-28', 0, 218, '0.3'),
(971, 21001, '0000-00-00', 100, 100, '0.5'),
(972, 21001, '0000-00-00', 110, 100, '0.5'),
(973, 21001, '0000-00-00', 125, 105, '0.5'),
(974, 21001, '0000-00-00', 160, 115, '0.5'),
(975, 21001, '0000-00-00', 200, 138, '0.5'),
(976, 21001, '0000-00-00', 150, 169, '0.5'),
(977, 21001, '0000-00-00', 100, 160, '0.5'),
(978, 21001, '0000-00-00', 190, 130, '0.5'),
(979, 21001, '0000-00-00', 200, 160, '0.5'),
(980, 21001, '0000-00-00', 150, 180, '0.5'),
(981, 21001, '0000-00-00', 180, 165, '0.5'),
(982, 21001, '0000-00-00', 150, 173, '0.5'),
(983, 21001, '0000-00-00', 100, 162, '0.5'),
(984, 21001, '0000-00-00', 150, 131, '0.5'),
(985, 21001, '0000-00-00', 140, 141, '0.5'),
(986, 21001, '0000-00-00', 150, 141, '0.5'),
(987, 21001, '0000-00-00', 200, 146, '0.5'),
(988, 21001, '0000-00-00', 150, 173, '0.5'),
(989, 21001, '0000-00-00', 150, 162, '0.5'),
(990, 21001, '0000-00-00', 140, 156, '0.5'),
(991, 21001, '0000-00-00', 145, 148, '0.5'),
(992, 21001, '0000-00-00', 140, 147, '0.5'),
(993, 21001, '0000-00-00', 190, 144, '0.5'),
(994, 21001, '0000-00-00', 180, 167, '0.5'),
(995, 21001, '0000-00-00', 100, 174, '0.5'),
(996, 21001, '0000-00-00', 146, 137, '0.5'),
(997, 21001, '0000-00-00', 200, 142, '0.5'),
(998, 21001, '0000-00-00', 130, 171, '0.5'),
(999, 21001, '0000-00-00', 150, 151, '0.5'),
(1000, 21001, '0000-00-00', 165, 151, '0.5'),
(1001, 21001, '0000-00-00', 160, 158, '0.5'),
(1002, 21001, '0000-00-00', 150, 159, '0.5'),
(1003, 21001, '0000-00-00', 150, 155, '0.5'),
(1004, 21001, '0000-00-00', 130, 153, '0.5'),
(1005, 21001, '0000-00-00', 150, 142, '0.5'),
(1006, 21001, '0000-00-00', 160, 146, '0.5'),
(1007, 21001, '0000-00-00', 200, 153, '0.5'),
(1008, 21001, '0000-00-00', 180, 177, '0.5'),
(1009, 21001, '0000-00-00', 140, 179, '0.5'),
(1010, 21001, '0000-00-00', 130, 160, '0.5'),
(1011, 21001, '0000-00-00', 190, 145, '0.5'),
(1012, 21001, '0000-00-00', 200, 168, '0.5'),
(1013, 21001, '0000-00-00', 200, 184, '0.5'),
(1014, 21001, '0000-00-00', 150, 192, '0.5'),
(1015, 21001, '0000-00-00', 170, 171, '0.5'),
(1016, 21001, '0000-00-00', 150, 171, '0.5'),
(1017, 21001, '0000-00-00', 150, 161, '0.5'),
(1018, 21001, '0000-00-00', 134, 156, '0.5'),
(1019, 21001, '0000-00-00', 166, 145, '0.5'),
(1020, 21001, '0000-00-00', 189, 156, '0.5'),
(1021, 21001, '0000-00-00', 200, 173, '0.5'),
(1022, 21001, '0000-00-00', 199, 187, '0.5'),
(1023, 21001, '0000-00-00', 167, 193, '0.5'),
(1024, 21001, '0000-00-00', 192, 180, '0.5'),
(1025, 21001, '0000-00-00', 200, 186, '0.5'),
(1026, 21001, '0000-00-00', 200, 193, '0.5'),
(1027, 21001, '0000-00-00', 245, 197, '0.5'),
(1028, 21001, '0000-00-00', 187, 221, '0.5'),
(1029, 21001, '0000-00-00', 200, 204, '0.5'),
(1030, 21001, '0000-00-00', 188, 202, '0.5'),
(1031, 21001, '0000-00-00', 164, 195, '0.5'),
(1032, 21001, '0000-00-00', 200, 180, '0.5'),
(1033, 21001, '0000-00-00', 200, 190, '0.5'),
(1034, 21001, '0000-00-00', 185, 195, '0.5'),
(1035, 21001, '0000-00-00', 165, 190, '0.5'),
(1036, 21001, '0000-00-00', 200, 178, '0.5'),
(1037, 21001, '0000-00-00', 190, 189, '0.5'),
(1038, 21001, '0000-00-00', 170, 190, '0.5'),
(1039, 21001, '0000-00-00', 189, 180, '0.5'),
(1040, 21001, '0000-00-00', 205, 185, '0.5'),
(1041, 21001, '0000-00-00', 200, 195, '0.5'),
(1042, 21001, '0000-00-00', 195, 198, '0.5'),
(1043, 21001, '0000-00-00', 186, 197, '0.5'),
(1044, 21001, '0000-00-00', 190, 192, '0.5'),
(1045, 21001, '0000-00-00', 200, 191, '0.5'),
(1046, 21001, '0000-00-00', 160, 196, '0.5'),
(1047, 21001, '0000-00-00', 150, 178, '0.5'),
(1048, 21001, '0000-00-00', 100, 164, '0.5'),
(1049, 21001, '0000-00-00', 155, 132, '0.5'),
(1050, 21001, '0000-00-00', 100, 144, '0.5'),
(1051, 21001, '0000-00-00', 200, 122, '0.5'),
(1052, 21001, '0000-00-00', 240, 161, '0.5'),
(1053, 21001, '0000-00-00', 220, 201, '0.5'),
(1054, 21001, '0000-00-00', 209, 211, '0.5'),
(1055, 21001, '0000-00-00', 200, 210, '0.5'),
(1056, 21001, '0000-00-00', 180, 205, '0.5'),
(1057, 21001, '0000-00-00', 200, 193, '0.5'),
(1058, 21001, '0000-00-00', 200, 197, '0.5'),
(1059, 21001, '0000-00-00', 200, 199, '0.5'),
(1060, 21001, '0000-00-00', 193, 200, '0.5'),
(1061, 21001, '0000-00-00', 150, 197, '0.5'),
(1062, 21001, '0000-00-00', 160, 174, '0.5'),
(1063, 21001, '0000-00-00', 140, 167, '0.5'),
(1064, 21001, '0000-00-00', 160, 154, '0.5'),
(1065, 21001, '0000-00-00', 206, 157, '0.5'),
(1066, 21001, '0000-00-00', 150, 182, '0.5'),
(1067, 21001, '0000-00-00', 200, 166, '0.5'),
(1068, 21001, '0000-00-00', 200, 183, '0.5'),
(1069, 21001, '0000-00-00', 160, 192, '0.5'),
(1070, 21001, '0000-00-00', 140, 176, '0.5'),
(1071, 21001, '0000-00-00', 1112, 158, '0.5'),
(1072, 21001, '0000-01-28', 0, 635, '0.5'),
(1073, 21002, '0000-00-00', 200, 200, '0.1'),
(1074, 21002, '0000-00-00', 161, 200, '0.1'),
(1075, 21002, '0000-00-00', 239, 196, '0.1'),
(1076, 21002, '0000-00-00', 200, 200, '0.1'),
(1077, 21002, '0000-00-00', 250, 200, '0.1'),
(1078, 21002, '0000-00-00', 200, 205, '0.1'),
(1079, 21002, '0000-00-00', 150, 205, '0.1'),
(1080, 21002, '0000-00-00', 130, 200, '0.1'),
(1081, 21002, '0000-00-00', 100, 193, '0.1'),
(1082, 21002, '0000-00-00', 120, 184, '0.1'),
(1083, 21002, '0000-00-00', 200, 178, '0.1'),
(1084, 21002, '0000-00-00', 155, 180, '0.1'),
(1085, 21002, '0000-00-00', 200, 178, '0.1'),
(1086, 21002, '0000-00-00', 250, 180, '0.1'),
(1087, 21002, '0000-00-00', 251, 187, '0.1'),
(1088, 21002, '0000-00-00', 200, 193, '0.1'),
(1089, 21002, '0000-00-00', 180, 194, '0.1'),
(1090, 21002, '0000-00-00', 200, 193, '0.1'),
(1091, 21002, '0000-00-00', 100, 194, '0.1'),
(1092, 21002, '0000-00-00', 180, 185, '0.1'),
(1093, 21002, '0000-00-00', 200, 185, '0.1'),
(1094, 21002, '0000-00-00', 220, 187, '0.1'),
(1095, 21002, '0000-00-00', 200, 190, '0.1'),
(1096, 21002, '0000-00-00', 200, 191, '0.1'),
(1097, 21002, '0000-00-00', 200, 192, '0.1'),
(1098, 21002, '0000-00-00', 200, 193, '0.1'),
(1099, 21002, '0000-00-00', 150, 194, '0.1'),
(1100, 21002, '0000-00-00', 145, 190, '0.1'),
(1101, 21002, '0000-00-00', 158, 186, '0.1'),
(1102, 21002, '0000-00-00', 150, 183, '0.1'),
(1103, 21002, '0000-00-00', 178, 180, '0.1'),
(1104, 21002, '0000-00-00', 160, 180, '0.1'),
(1105, 21002, '0000-00-00', 220, 178, '0.1'),
(1106, 21002, '0000-00-00', 200, 182, '0.1'),
(1107, 21002, '0000-00-00', 275, 184, '0.1'),
(1108, 21002, '0000-00-00', 350, 193, '0.1'),
(1109, 21002, '0000-00-00', 400, 209, '0.1'),
(1110, 21002, '0000-00-00', 358, 228, '0.1'),
(1111, 21002, '0000-00-00', 289, 241, '0.1'),
(1112, 21002, '0000-00-00', 240, 246, '0.1'),
(1113, 21002, '0000-00-00', 200, 245, '0.1'),
(1114, 21002, '0000-00-00', 260, 241, '0.1'),
(1115, 21002, '0000-00-00', 200, 243, '0.1'),
(1116, 21002, '0000-00-00', 185, 239, '0.1'),
(1117, 21002, '0000-00-00', 100, 234, '0.1'),
(1118, 21002, '0000-00-00', 150, 221, '0.1'),
(1119, 21002, '0000-00-00', 200, 214, '0.1'),
(1120, 21002, '0000-00-00', 215, 213, '0.1'),
(1121, 21002, '0000-00-00', 230, 213, '0.1'),
(1122, 21002, '0000-00-00', 200, 215, '0.1'),
(1123, 21002, '0000-00-00', 220, 214, '0.1'),
(1124, 21002, '0000-00-00', 300, 215, '0.1'),
(1125, 21002, '0000-00-00', 291, 224, '0.1'),
(1126, 21002, '0000-00-00', 200, 231, '0.1'),
(1127, 21002, '0000-00-00', 250, 228, '0.1'),
(1128, 21002, '0000-00-00', 220, 230, '0.1'),
(1129, 21002, '0000-00-00', 150, 229, '0.1'),
(1130, 21002, '0000-00-00', 225, 221, '0.1'),
(1131, 21002, '0000-00-00', 280, 221, '0.1'),
(1132, 21002, '0000-00-00', 340, 227, '0.1'),
(1133, 21002, '0000-00-00', 330, 238, '0.1'),
(1134, 21002, '0000-00-00', 299, 247, '0.1'),
(1135, 21002, '0000-00-00', 250, 252, '0.1'),
(1136, 21002, '0000-00-00', 178, 252, '0.1'),
(1137, 21002, '0000-00-00', 160, 245, '0.1'),
(1138, 21002, '0000-00-00', 250, 237, '0.1'),
(1139, 21002, '0000-00-00', 180, 238, '0.1'),
(1140, 21002, '0000-00-00', 150, 232, '0.1'),
(1141, 21002, '0000-00-00', 200, 224, '0.1'),
(1142, 21002, '0000-00-00', 268, 222, '0.1'),
(1143, 21002, '0000-00-00', 250, 227, '0.1'),
(1144, 21002, '0000-00-00', 200, 229, '0.1'),
(1145, 21002, '0000-00-00', 260, 226, '0.1'),
(1146, 21002, '0000-00-00', 196, 229, '0.1'),
(1147, 21002, '0000-00-00', 200, 226, '0.1'),
(1148, 21002, '0000-00-00', 143, 223, '0.1'),
(1149, 21002, '0000-00-00', 115, 215, '0.1'),
(1150, 21002, '0000-00-00', 200, 205, '0.1'),
(1151, 21002, '0000-00-00', 200, 205, '0.1'),
(1152, 21002, '0000-00-00', 250, 205, '0.1'),
(1153, 21002, '0000-00-00', 200, 210, '0.1'),
(1154, 21002, '0000-00-00', 255, 209, '0.1'),
(1155, 21002, '0000-00-00', 190, 214, '0.1'),
(1156, 21002, '0000-00-00', 100, 212, '0.1'),
(1157, 21002, '0000-00-00', 150, 201, '0.1'),
(1158, 21002, '0000-00-00', 150, 196, '0.1'),
(1159, 21002, '0000-00-00', 195, 191, '0.1'),
(1160, 21002, '0000-00-00', 200, 191, '0.1'),
(1161, 21002, '0000-00-00', 150, 192, '0.1'),
(1162, 21002, '0000-00-00', 200, 188, '0.1'),
(1163, 21002, '0000-00-00', 100, 189, '0.1'),
(1164, 21002, '0000-00-00', 100, 180, '0.1'),
(1165, 21002, '0000-00-00', 100, 172, '0.1'),
(1166, 21002, '0000-00-00', 150, 165, '0.1'),
(1167, 21002, '0000-00-00', 200, 164, '0.1'),
(1168, 21002, '0000-00-00', 250, 168, '0.1'),
(1169, 21002, '0000-00-00', 220, 176, '0.1'),
(1170, 21002, '0000-00-00', 220, 180, '0.1'),
(1171, 21002, '0000-00-00', 200, 184, '0.1'),
(1172, 21002, '0000-00-00', 270, 186, '0.1'),
(1173, 21002, '0000-00-00', 150, 194, '0.1'),
(1174, 21002, '0000-00-00', 999, 190, '0.1'),
(1175, 21002, '0000-01-28', 0, 271, '0.1');

-- --------------------------------------------------------

--
-- Table structure for table `user`
--

CREATE TABLE `user` (
  `id_user` int(5) NOT NULL,
  `username` varchar(10) NOT NULL,
  `password` varchar(10) NOT NULL
) ENGINE=InnoDB DEFAULT CHARSET=latin1;

--
-- Dumping data for table `user`
--

INSERT INTO `user` (`id_user`, `username`, `password`) VALUES
(101, 'admin', '111');

--
-- Indexes for dumped tables
--

--
-- Indexes for table `data_barang`
--
ALTER TABLE `data_barang`
  ADD PRIMARY KEY (`id_barang`);

--
-- Indexes for table `data_penjualan`
--
ALTER TABLE `data_penjualan`
  ADD PRIMARY KEY (`id_penjualan`);

--
-- Indexes for table `prediksi`
--
ALTER TABLE `prediksi`
  ADD PRIMARY KEY (`id_prediksi`);

--
-- Indexes for table `user`
--
ALTER TABLE `user`
  ADD PRIMARY KEY (`id_user`);

--
-- AUTO_INCREMENT for dumped tables
--

--
-- AUTO_INCREMENT for table `data_barang`
--
ALTER TABLE `data_barang`
  MODIFY `id_barang` int(5) NOT NULL AUTO_INCREMENT, AUTO_INCREMENT=21047;

--
-- AUTO_INCREMENT for table `data_penjualan`
--
ALTER TABLE `data_penjualan`
  MODIFY `id_penjualan` int(5) NOT NULL AUTO_INCREMENT, AUTO_INCREMENT=507;

--
-- AUTO_INCREMENT for table `prediksi`
--
ALTER TABLE `prediksi`
  MODIFY `id_prediksi` int(5) NOT NULL AUTO_INCREMENT, AUTO_INCREMENT=1176;

--
-- AUTO_INCREMENT for table `user`
--
ALTER TABLE `user`
  MODIFY `id_user` int(5) NOT NULL AUTO_INCREMENT, AUTO_INCREMENT=102;
COMMIT;

/*!40101 SET CHARACTER_SET_CLIENT=@OLD_CHARACTER_SET_CLIENT */;
/*!40101 SET CHARACTER_SET_RESULTS=@OLD_CHARACTER_SET_RESULTS */;
/*!40101 SET COLLATION_CONNECTION=@OLD_COLLATION_CONNECTION */;
